Date,Ticker,Preco_Fechamento_Ajustado
2022-01-03,CPFE3.SA,19.982980728149414
2022-01-04,CPFE3.SA,19.92120933532715
2022-01-05,CPFE3.SA,19.604633331298828
2022-01-06,CPFE3.SA,19.141347885131836
2022-01-07,CPFE3.SA,19.56602668762207
2022-01-10,CPFE3.SA,19.72817611694336
2022-01-11,CPFE3.SA,19.70500946044922
2022-01-12,CPFE3.SA,20.268672943115234
2022-01-13,CPFE3.SA,19.95981788635254
2022-01-14,CPFE3.SA,20.037029266357422
2022-01-17,CPFE3.SA,20.075637817382812
2022-01-18,CPFE3.SA,20.230066299438477
2022-01-19,CPFE3.SA,20.59296989440918
2022-01-20,CPFE3.SA,20.73967742919922
2022-01-21,CPFE3.SA,20.901824951171875
2022-01-24,CPFE3.SA,21.118026733398438
2022-01-25,CPFE3.SA,21.76662254333496
2022-01-26,CPFE3.SA,21.758901596069336
2022-01-27,CPFE3.SA,21.851560592651367
2022-01-28,CPFE3.SA,21.928773880004883
2022-01-31,CPFE3.SA,22.3380069732666
2022-02-01,CPFE3.SA,22.415224075317383
2022-02-02,CPFE3.SA,21.905609130859375
2022-02-03,CPFE3.SA,22.260793685913086
2022-02-04,CPFE3.SA,21.851560592651367
2022-02-07,CPFE3.SA,21.928773880004883
2022-02-08,CPFE3.SA,22.0059871673584
2022-02-09,CPFE3.SA,22.175857543945312
2022-02-10,CPFE3.SA,22.07547950744629
2022-02-11,CPFE3.SA,22.276235580444336
2022-02-14,CPFE3.SA,22.492435455322266
2022-02-15,CPFE3.SA,22.940275192260742
2022-02-16,CPFE3.SA,22.940275192260742
2022-02-17,CPFE3.SA,22.96343994140625
2022-02-18,CPFE3.SA,22.986604690551758
2022-02-21,CPFE3.SA,23.102426528930664
2022-02-22,CPFE3.SA,23.30318260192871
2022-02-23,CPFE3.SA,23.727859497070312
2022-02-24,CPFE3.SA,23.5579891204834
2022-02-25,CPFE3.SA,23.364953994750977
2022-03-02,CPFE3.SA,23.5888729095459
2022-03-03,CPFE3.SA,23.34178924560547
2022-03-04,CPFE3.SA,22.893949508666992
2022-03-07,CPFE3.SA,22.56964683532715
2022-03-08,CPFE3.SA,22.847620010375977
2022-03-09,CPFE3.SA,23.35723304748535
2022-03-10,CPFE3.SA,23.63520050048828
2022-03-11,CPFE3.SA,23.612037658691406
2022-03-14,CPFE3.SA,23.85140037536621
2022-03-15,CPFE3.SA,23.735578536987305
2022-03-16,CPFE3.SA,23.735578536987305
2022-03-17,CPFE3.SA,24.51544189453125
2022-03-18,CPFE3.SA,24.886070251464844
2022-03-21,CPFE3.SA,25.109989166259766
2022-03-22,CPFE3.SA,25.449731826782227
2022-03-23,CPFE3.SA,25.29530143737793
2022-03-24,CPFE3.SA,25.743144989013672
2022-03-25,CPFE3.SA,25.68909454345703
2022-03-28,CPFE3.SA,25.542390823364258
2022-03-29,CPFE3.SA,25.557828903198242
2022-03-30,CPFE3.SA,25.15631675720215
2022-03-31,CPFE3.SA,24.916954040527344
2022-04-01,CPFE3.SA,25.735424041748047
2022-04-04,CPFE3.SA,25.557828903198242
2022-04-05,CPFE3.SA,25.55010986328125
2022-04-06,CPFE3.SA,25.67365074157715
2022-04-07,CPFE3.SA,25.828079223632812
2022-04-08,CPFE3.SA,26.129213333129883
2022-04-11,CPFE3.SA,26.16010093688965
2022-04-12,CPFE3.SA,26.129213333129883
2022-04-13,CPFE3.SA,26.631107330322266
2022-04-14,CPFE3.SA,27.109832763671875
2022-04-18,CPFE3.SA,27.488178253173828
2022-04-19,CPFE3.SA,27.156160354614258
2022-04-20,CPFE3.SA,27.248815536499023
2022-04-22,CPFE3.SA,26.95540428161621
2022-04-25,CPFE3.SA,27.287424087524414
2022-04-26,CPFE3.SA,27.789318084716797
2022-04-27,CPFE3.SA,28.25259780883789
2022-04-28,CPFE3.SA,28.144500732421875
2022-04-29,CPFE3.SA,27.912857055664062
2022-05-02,CPFE3.SA,27.31256103515625
2022-05-03,CPFE3.SA,27.48220443725586
2022-05-04,CPFE3.SA,28.118366241455078
2022-05-05,CPFE3.SA,27.83845329284668
2022-05-06,CPFE3.SA,28.27104377746582
2022-05-09,CPFE3.SA,28.712114334106445
2022-05-10,CPFE3.SA,28.627294540405273
2022-05-11,CPFE3.SA,28.296489715576172
2022-05-12,CPFE3.SA,28.771488189697266
2022-05-13,CPFE3.SA,29.857206344604492
2022-05-16,CPFE3.SA,30.03533172607422
2022-05-17,CPFE3.SA,31.027746200561523
2022-05-18,CPFE3.SA,30.3406925201416
2022-05-19,CPFE3.SA,30.87506866455078
2022-05-20,CPFE3.SA,30.900514602661133
2022-05-23,CPFE3.SA,30.289798736572266
2022-05-24,CPFE3.SA,31.044708251953125
2022-05-25,CPFE3.SA,30.31524658203125
2022-05-26,CPFE3.SA,29.543367385864258
2022-05-27,CPFE3.SA,29.305866241455078
2022-05-30,CPFE3.SA,29.43309783935547
2022-05-31,CPFE3.SA,28.584884643554688
2022-06-01,CPFE3.SA,29.305866241455078
2022-06-02,CPFE3.SA,30.773279190063477
2022-06-03,CPFE3.SA,30.0268497467041
2022-06-06,CPFE3.SA,29.085330963134766
2022-06-07,CPFE3.SA,29.44158172607422
2022-06-08,CPFE3.SA,28.881755828857422
2022-06-09,CPFE3.SA,27.98265266418457
2022-06-10,CPFE3.SA,27.083539962768555
2022-06-13,CPFE3.SA,26.66791343688965
2022-06-14,CPFE3.SA,27.50765037536621
2022-06-15,CPFE3.SA,27.77059555053711
2022-06-17,CPFE3.SA,28.126848220825195
2022-06-20,CPFE3.SA,28.491579055786133
2022-06-21,CPFE3.SA,27.439790725708008
2022-06-22,CPFE3.SA,27.219255447387695
2022-06-23,CPFE3.SA,26.60005760192871
2022-06-24,CPFE3.SA,25.955413818359375
2022-06-27,CPFE3.SA,26.879968643188477
2022-06-28,CPFE3.SA,26.66791343688965
2022-06-29,CPFE3.SA,26.23532485961914
2022-06-30,CPFE3.SA,26.19291114807129
2022-07-01,CPFE3.SA,27.142915725708008
2022-07-04,CPFE3.SA,26.447378158569336
2022-07-05,CPFE3.SA,25.913002014160156
2022-07-06,CPFE3.SA,25.955413818359375
2022-07-07,CPFE3.SA,26.659433364868164
2022-07-08,CPFE3.SA,26.54068374633789
2022-07-11,CPFE3.SA,25.802736282348633
2022-07-12,CPFE3.SA,26.354074478149414
2022-07-13,CPFE3.SA,26.014787673950195
2022-07-14,CPFE3.SA,26.54068374633789
2022-07-15,CPFE3.SA,26.80362892150879
2022-07-18,CPFE3.SA,26.9732723236084
2022-07-19,CPFE3.SA,26.93086051940918
2022-07-20,CPFE3.SA,27.388898849487305
2022-07-21,CPFE3.SA,27.287111282348633
2022-07-22,CPFE3.SA,27.26166534423828
2022-07-25,CPFE3.SA,27.719703674316406
2022-07-26,CPFE3.SA,26.73577308654785
2022-07-27,CPFE3.SA,27.236221313476562
2022-07-28,CPFE3.SA,27.43130874633789
2022-07-29,CPFE3.SA,27.85541534423828
2022-08-01,CPFE3.SA,27.948720932006836
2022-08-02,CPFE3.SA,27.439790725708008
2022-08-03,CPFE3.SA,27.202289581298828
2022-08-04,CPFE3.SA,28.415239334106445
2022-08-05,CPFE3.SA,28.304969787597656
2022-08-08,CPFE3.SA,28.584884643554688
2022-08-09,CPFE3.SA,28.321937561035156
2022-08-10,CPFE3.SA,28.66970443725586
2022-08-11,CPFE3.SA,27.99961280822754
2022-08-12,CPFE3.SA,29.034439086914062
2022-08-15,CPFE3.SA,29.53488540649414
2022-08-16,CPFE3.SA,29.551849365234375
2022-08-17,CPFE3.SA,30.179533004760742
2022-08-18,CPFE3.SA,30.790246963500977
2022-08-19,CPFE3.SA,30.696941375732422
2022-08-22,CPFE3.SA,30.747835159301758
2022-08-23,CPFE3.SA,30.501850128173828
2022-08-24,CPFE3.SA,30.357654571533203
2022-08-25,CPFE3.SA,30.19649314880371
2022-08-26,CPFE3.SA,29.942028045654297
2022-08-29,CPFE3.SA,29.942028045654297
2022-08-30,CPFE3.SA,29.729976654052734
2022-08-31,CPFE3.SA,29.66211700439453
2022-09-01,CPFE3.SA,30.23890495300293
2022-09-02,CPFE3.SA,30.3406925201416
2022-09-05,CPFE3.SA,30.730871200561523
2022-09-06,CPFE3.SA,30.705427169799805
2022-09-08,CPFE3.SA,30.14560317993164
2022-09-09,CPFE3.SA,29.848726272583008
2022-09-12,CPFE3.SA,29.82327651977539
2022-09-13,CPFE3.SA,29.29738426208496
2022-09-14,CPFE3.SA,29.093812942504883
2022-09-15,CPFE3.SA,29.322830200195312
2022-09-16,CPFE3.SA,29.492473602294922
2022-09-19,CPFE3.SA,29.37372589111328
2022-09-20,CPFE3.SA,29.407649993896484
2022-09-21,CPFE3.SA,29.382204055786133
2022-09-22,CPFE3.SA,30.213457107543945
2022-09-23,CPFE3.SA,30.61212158203125
2022-09-26,CPFE3.SA,29.407649993896484
2022-09-27,CPFE3.SA,28.627294540405273
2022-09-28,CPFE3.SA,28.847829818725586
2022-09-29,CPFE3.SA,28.508544921875
2022-09-30,CPFE3.SA,28.635772705078125
2022-10-03,CPFE3.SA,30.272830963134766
2022-10-04,CPFE3.SA,29.763906478881836
2022-10-05,CPFE3.SA,29.051401138305664
2022-10-06,CPFE3.SA,28.51702308654785
2022-10-07,CPFE3.SA,28.423721313476562
2022-10-10,CPFE3.SA,28.576398849487305
2022-10-11,CPFE3.SA,28.83934783935547
2022-10-13,CPFE3.SA,29.00899314880371
2022-10-14,CPFE3.SA,28.90720558166504
2022-10-17,CPFE3.SA,29.288902282714844
2022-10-18,CPFE3.SA,29.170150756835938
2022-10-19,CPFE3.SA,29.085330963134766
2022-10-20,CPFE3.SA,28.983545303344727
2022-10-21,CPFE3.SA,29.407649993896484
2022-10-24,CPFE3.SA,29.28042221069336
2022-10-25,CPFE3.SA,28.525508880615234
2022-10-26,CPFE3.SA,27.558544158935547
2022-10-27,CPFE3.SA,29.110776901245117
2022-10-28,CPFE3.SA,29.288902282714844
2022-10-31,CPFE3.SA,30.043813705444336
2022-11-01,CPFE3.SA,30.06926155090332
2022-11-03,CPFE3.SA,30.544261932373047
2022-11-04,CPFE3.SA,31.095605850219727
2022-11-07,CPFE3.SA,29.67908477783203
2022-11-08,CPFE3.SA,29.82327651977539
2022-11-09,CPFE3.SA,29.696044921875
2022-11-10,CPFE3.SA,27.906309127807617
2022-11-11,CPFE3.SA,29.042922973632812
2022-11-14,CPFE3.SA,29.110776901245117
2022-11-16,CPFE3.SA,28.406757354736328
2022-11-17,CPFE3.SA,28.321937561035156
2022-11-18,CPFE3.SA,28.60184669494629
2022-11-21,CPFE3.SA,28.856311798095703
2022-11-22,CPFE3.SA,28.610328674316406
2022-11-23,CPFE3.SA,28.712114334106445
2022-11-24,CPFE3.SA,29.212560653686523
2022-11-25,CPFE3.SA,28.695152282714844
2022-11-28,CPFE3.SA,28.771488189697266
2022-11-29,CPFE3.SA,28.941133499145508
2022-11-30,CPFE3.SA,29.60274314880371
2022-12-01,CPFE3.SA,28.898723602294922
2022-12-02,CPFE3.SA,28.406757354736328
2022-12-05,CPFE3.SA,27.151395797729492
2022-12-06,CPFE3.SA,27.694255828857422
2022-12-07,CPFE3.SA,28.16077423095703
2022-12-08,CPFE3.SA,27.371932983398438
2022-12-09,CPFE3.SA,27.321041107177734
2022-12-12,CPFE3.SA,26.837556838989258
2022-12-13,CPFE3.SA,25.802736282348633
2022-12-14,CPFE3.SA,25.66701889038086
2022-12-15,CPFE3.SA,25.90452003479004
2022-12-16,CPFE3.SA,25.53130531311035
2022-12-19,CPFE3.SA,26.693359375
2022-12-20,CPFE3.SA,27.142915725708008
2022-12-21,CPFE3.SA,26.947826385498047
2022-12-22,CPFE3.SA,27.304075241088867
2022-12-23,CPFE3.SA,27.73666763305664
2022-12-26,CPFE3.SA,27.490684509277344
2022-12-27,CPFE3.SA,27.5670223236084
2022-12-28,CPFE3.SA,27.64336395263672
2022-12-29,CPFE3.SA,28.16077423095703
2023-01-02,CPFE3.SA,27.304075241088867
2023-01-03,CPFE3.SA,26.96479034423828
2023-01-04,CPFE3.SA,27.27863121032715
2023-01-05,CPFE3.SA,27.31256103515625
2023-01-06,CPFE3.SA,27.024168014526367
2023-01-09,CPFE3.SA,27.270151138305664
2023-01-10,CPFE3.SA,26.922378540039062
2023-01-11,CPFE3.SA,27.617918014526367
2023-01-12,CPFE3.SA,27.397380828857422
2023-01-13,CPFE3.SA,27.185325622558594
2023-01-16,CPFE3.SA,27.48220443725586
2023-01-17,CPFE3.SA,27.73666763305664
2023-01-18,CPFE3.SA,28.135326385498047
2023-01-19,CPFE3.SA,28.058990478515625
2023-01-20,CPFE3.SA,27.64336395263672
2023-01-23,CPFE3.SA,27.43130874633789
2023-01-24,CPFE3.SA,28.008098602294922
2023-01-25,CPFE3.SA,28.644258499145508
2023-01-26,CPFE3.SA,28.46613311767578
2023-01-27,CPFE3.SA,28.075950622558594
2023-01-30,CPFE3.SA,28.330419540405273
2023-01-31,CPFE3.SA,28.2286319732666
2023-02-01,CPFE3.SA,28.237117767333984
2023-02-02,CPFE3.SA,27.73666763305664
2023-02-03,CPFE3.SA,26.96479034423828
2023-02-06,CPFE3.SA,27.12594985961914
2023-02-07,CPFE3.SA,26.549163818359375
2023-02-08,CPFE3.SA,26.718807220458984
2023-02-09,CPFE3.SA,25.353179931640625
2023-02-10,CPFE3.SA,26.26925277709961
2023-02-13,CPFE3.SA,26.26925277709961
2023-02-14,CPFE3.SA,26.06568145751953
2023-02-15,CPFE3.SA,26.00630760192871
2023-02-16,CPFE3.SA,26.23532485961914
2023-02-17,CPFE3.SA,26.404966354370117
2023-02-22,CPFE3.SA,26.04023551940918
2023-02-23,CPFE3.SA,25.887556076049805
2023-02-24,CPFE3.SA,25.777286529541016
2023-02-27,CPFE3.SA,25.700946807861328
2023-02-28,CPFE3.SA,25.692466735839844
2023-03-01,CPFE3.SA,25.56523323059082
2023-03-02,CPFE3.SA,25.327733993530273
2023-03-03,CPFE3.SA,25.09871482849121
2023-03-06,CPFE3.SA,25.200498580932617
2023-03-07,CPFE3.SA,25.378625869750977
2023-03-08,CPFE3.SA,25.997825622558594
2023-03-09,CPFE3.SA,25.896038055419922
2023-03-10,CPFE3.SA,25.751842498779297
2023-03-13,CPFE3.SA,26.294700622558594
2023-03-14,CPFE3.SA,26.93086051940918
2023-03-15,CPFE3.SA,27.295595169067383
2023-03-16,CPFE3.SA,26.642467498779297
2023-03-17,CPFE3.SA,24.895143508911133
2023-03-20,CPFE3.SA,24.90362548828125
2023-03-21,CPFE3.SA,24.66612434387207
2023-03-22,CPFE3.SA,25.056304931640625
2023-03-23,CPFE3.SA,24.74246597290039
2023-03-24,CPFE3.SA,25.293804168701172
2023-03-27,CPFE3.SA,25.522823333740234
2023-03-28,CPFE3.SA,26.583093643188477
2023-03-29,CPFE3.SA,26.50675392150879
2023-03-30,CPFE3.SA,27.024168014526367
2023-03-31,CPFE3.SA,26.846038818359375
2023-04-03,CPFE3.SA,26.863004684448242
2023-04-04,CPFE3.SA,27.47372055053711
2023-04-05,CPFE3.SA,27.558544158935547
2023-04-06,CPFE3.SA,28.025060653686523
2023-04-10,CPFE3.SA,27.829971313476562
2023-04-11,CPFE3.SA,28.126848220825195
2023-04-12,CPFE3.SA,28.48310089111328
2023-04-13,CPFE3.SA,28.525508880615234
2023-04-14,CPFE3.SA,28.695152282714844
2023-04-17,CPFE3.SA,28.321937561035156
2023-04-18,CPFE3.SA,28.27104377746582
2023-04-19,CPFE3.SA,28.075950622558594
2023-04-20,CPFE3.SA,28.27104377746582
2023-04-24,CPFE3.SA,28.737565994262695
2023-04-25,CPFE3.SA,28.746044158935547
2023-04-26,CPFE3.SA,28.075950622558594
2023-04-27,CPFE3.SA,28.03354263305664
2023-04-28,CPFE3.SA,28.109880447387695
2023-05-02,CPFE3.SA,28.302091598510742
2023-05-03,CPFE3.SA,27.84925651550293
2023-05-04,CPFE3.SA,28.139070510864258
2023-05-05,CPFE3.SA,28.193408966064453
2023-05-08,CPFE3.SA,28.10284423828125
2023-05-09,CPFE3.SA,28.302091598510742
2023-05-10,CPFE3.SA,28.75492286682129
2023-05-11,CPFE3.SA,29.12624740600586
2023-05-12,CPFE3.SA,28.945112228393555
2023-05-15,CPFE3.SA,29.12624740600586
2023-05-16,CPFE3.SA,28.75492286682129
2023-05-17,CPFE3.SA,28.066617965698242
2023-05-18,CPFE3.SA,28.33831787109375
2023-05-19,CPFE3.SA,28.800207138061523
2023-05-22,CPFE3.SA,28.65530014038086
2023-05-23,CPFE3.SA,28.89077377319336
2023-05-24,CPFE3.SA,28.75492286682129
2023-05-25,CPFE3.SA,28.727752685546875
2023-05-26,CPFE3.SA,28.75492286682129
2023-05-29,CPFE3.SA,28.65530014038086
2023-05-30,CPFE3.SA,28.139070510864258
2023-05-31,CPFE3.SA,27.423593521118164
2023-06-01,CPFE3.SA,27.06132698059082
2023-06-02,CPFE3.SA,27.17906379699707
2023-06-05,CPFE3.SA,26.96170425415039
2023-06-06,CPFE3.SA,27.577558517456055
2023-06-07,CPFE3.SA,27.876428604125977
2023-06-09,CPFE3.SA,28.401714324951172
2023-06-12,CPFE3.SA,28.41982650756836
2023-06-13,CPFE3.SA,27.957937240600586
2023-06-14,CPFE3.SA,28.365488052368164
2023-06-15,CPFE3.SA,28.166240692138672
2023-06-16,CPFE3.SA,28.981340408325195
2023-06-19,CPFE3.SA,28.800207138061523
2023-06-20,CPFE3.SA,29.216812133789062
2023-06-21,CPFE3.SA,30.004743576049805
2023-06-22,CPFE3.SA,28.727752685546875
2023-06-23,CPFE3.SA,30.52097511291504
2023-06-26,CPFE3.SA,30.6205997467041
2023-06-27,CPFE3.SA,30.43040657043457
2023-06-28,CPFE3.SA,30.33078384399414
2023-06-29,CPFE3.SA,30.63871192932129
2023-06-30,CPFE3.SA,31.145883560180664
2023-07-03,CPFE3.SA,31.345130920410156
2023-07-04,CPFE3.SA,31.20928192138672
2023-07-05,CPFE3.SA,31.689287185668945
2023-07-06,CPFE3.SA,32.2236328125
2023-07-07,CPFE3.SA,32.33230972290039
2023-07-10,CPFE3.SA,32.305137634277344
2023-07-11,CPFE3.SA,32.24174118041992
2023-07-12,CPFE3.SA,31.970041275024414
2023-07-13,CPFE3.SA,32.27796936035156
2023-07-14,CPFE3.SA,32.13306427001953
2023-07-17,CPFE3.SA,32.09683609008789
2023-07-18,CPFE3.SA,32.015323638916016
2023-07-19,CPFE3.SA,31.843246459960938
2023-07-20,CPFE3.SA,31.74362564086914
2023-07-21,CPFE3.SA,32.21457290649414
2023-07-24,CPFE3.SA,32.40475845336914
2023-07-25,CPFE3.SA,32.422874450683594
2023-07-26,CPFE3.SA,32.68552017211914
2023-07-27,CPFE3.SA,32.522499084472656
2023-07-28,CPFE3.SA,32.51344299316406
2023-07-31,CPFE3.SA,32.40475845336914
2023-08-01,CPFE3.SA,32.422874450683594
2023-08-02,CPFE3.SA,32.49532699584961
2023-08-03,CPFE3.SA,32.04249572753906
2023-08-04,CPFE3.SA,31.888530731201172
2023-08-07,CPFE3.SA,31.589662551879883
2023-08-08,CPFE3.SA,31.680227279663086
2023-08-09,CPFE3.SA,31.480981826782227
2023-08-10,CPFE3.SA,31.453813552856445
2023-08-11,CPFE3.SA,31.86136245727539
2023-08-14,CPFE3.SA,32.24174118041992
2023-08-15,CPFE3.SA,31.960983276367188
2023-08-16,CPFE3.SA,32.00626754760742
2023-08-17,CPFE3.SA,31.89759063720703
2023-08-18,CPFE3.SA,31.872909545898438
2023-08-21,CPFE3.SA,31.215259552001953
2023-08-22,CPFE3.SA,31.85438346862793
2023-08-23,CPFE3.SA,31.94701385498047
2023-08-24,CPFE3.SA,32.10447692871094
2023-08-25,CPFE3.SA,31.919221878051758
2023-08-28,CPFE3.SA,32.13226318359375
2023-08-29,CPFE3.SA,32.27120590209961
2023-08-30,CPFE3.SA,32.14152908325195
2023-08-31,CPFE3.SA,31.632081985473633
2023-09-01,CPFE3.SA,32.2434196472168
2023-09-04,CPFE3.SA,32.67876434326172
2023-09-05,CPFE3.SA,32.43793487548828
2023-09-06,CPFE3.SA,31.48387908935547
2023-09-08,CPFE3.SA,31.613555908203125
2023-09-11,CPFE3.SA,31.771018981933594
2023-09-12,CPFE3.SA,32.113739013671875
2023-09-13,CPFE3.SA,32.28046798706055
2023-09-14,CPFE3.SA,32.65097427368164
2023-09-15,CPFE3.SA,32.984432220458984
2023-09-18,CPFE3.SA,33.095584869384766
2023-09-19,CPFE3.SA,32.845489501953125
2023-09-20,CPFE3.SA,33.13263702392578
2023-09-21,CPFE3.SA,33.095584869384766
2023-09-22,CPFE3.SA,33.05853271484375
2023-09-25,CPFE3.SA,33.0122184753418
2023-09-26,CPFE3.SA,32.36383056640625
2023-09-27,CPFE3.SA,31.798810958862305
2023-09-28,CPFE3.SA,31.641342163085938
2023-09-29,CPFE3.SA,31.131895065307617
2023-10-02,CPFE3.SA,31.28936004638672
2023-10-03,CPFE3.SA,30.872541427612305
2023-10-04,CPFE3.SA,31.04853057861328
2023-10-05,CPFE3.SA,31.0114803314209
2023-10-06,CPFE3.SA,30.844751358032227
2023-10-09,CPFE3.SA,31.159683227539062
2023-10-10,CPFE3.SA,31.595029830932617
2023-10-11,CPFE3.SA,31.76175880432129
2023-10-13,CPFE3.SA,30.742860794067383
2023-10-16,CPFE3.SA,30.752124786376953
2023-10-17,CPFE3.SA,30.279726028442383
2023-10-18,CPFE3.SA,29.723966598510742
2023-10-19,CPFE3.SA,30.566871643066406
2023-10-20,CPFE3.SA,30.427928924560547
2023-10-23,CPFE3.SA,30.427928924560547
2023-10-24,CPFE3.SA,30.381616592407227
2023-10-25,CPFE3.SA,30.400142669677734
2023-10-26,CPFE3.SA,31.28936004638672
2023-10-27,CPFE3.SA,31.00221824645996
2023-10-30,CPFE3.SA,30.613183975219727
2023-10-31,CPFE3.SA,30.974428176879883
2023-11-01,CPFE3.SA,31.446826934814453
2023-11-03,CPFE3.SA,31.99332618713379
2023-11-06,CPFE3.SA,32.35456848144531
2023-11-07,CPFE3.SA,32.521297454833984
2023-11-08,CPFE3.SA,32.14152908325195
2023-11-09,CPFE3.SA,32.400882720947266
2023-11-10,CPFE3.SA,33.03074645996094
2023-11-13,CPFE3.SA,32.7899169921875
2023-11-14,CPFE3.SA,33.160423278808594
2023-11-16,CPFE3.SA,33.96627426147461
2023-11-17,CPFE3.SA,33.790287017822266
2023-11-20,CPFE3.SA,33.75323486328125
2023-11-21,CPFE3.SA,33.679134368896484
2023-11-22,CPFE3.SA,33.75323486328125
2023-11-23,CPFE3.SA,33.97554016113281
2023-11-24,CPFE3.SA,33.72544860839844
2023-11-27,CPFE3.SA,34.253421783447266
2023-11-28,CPFE3.SA,34.01259231567383
2023-11-29,CPFE3.SA,33.58650588989258
2023-11-30,CPFE3.SA,34.318260192871094
2023-12-01,CPFE3.SA,34.38309860229492
2023-12-04,CPFE3.SA,34.586875915527344
2023-12-05,CPFE3.SA,34.82770538330078
2023-12-06,CPFE3.SA,34.67950439453125
2023-12-07,CPFE3.SA,34.27194595336914
2023-12-08,CPFE3.SA,34.318260192871094
2023-12-11,CPFE3.SA,34.16079330444336
2023-12-12,CPFE3.SA,34.34605026245117
2023-12-13,CPFE3.SA,34.818443298339844
2023-12-14,CPFE3.SA,34.9481201171875
2023-12-15,CPFE3.SA,34.99443435668945
2023-12-18,CPFE3.SA,35.337158203125
2023-12-19,CPFE3.SA,35.82807922363281
2023-12-20,CPFE3.SA,35.43904495239258
2023-12-21,CPFE3.SA,35.80955123901367
2023-12-22,CPFE3.SA,35.8836555480957
2023-12-26,CPFE3.SA,35.763240814208984
2023-12-27,CPFE3.SA,35.513145446777344
2023-12-28,CPFE3.SA,35.67061233520508
2024-01-02,CPFE3.SA,35.57798385620117
2024-01-03,CPFE3.SA,35.63356399536133
2024-01-04,CPFE3.SA,35.4205207824707
2024-01-05,CPFE3.SA,35.43904495239258
2024-01-08,CPFE3.SA,35.19821548461914
2024-01-09,CPFE3.SA,35.66135025024414
2024-01-10,CPFE3.SA,35.698402404785156
2024-01-11,CPFE3.SA,35.30936813354492
2024-01-12,CPFE3.SA,34.73508071899414
2024-01-15,CPFE3.SA,34.82770538330078
2024-01-16,CPFE3.SA,34.43867492675781
2024-01-17,CPFE3.SA,34.466461181640625
2024-01-18,CPFE3.SA,33.7161865234375
2024-01-19,CPFE3.SA,33.53093338012695
2024-01-22,CPFE3.SA,33.37346267700195
2024-01-23,CPFE3.SA,33.391990661621094
2024-01-24,CPFE3.SA,33.43830108642578
2024-01-25,CPFE3.SA,33.679134368896484
2024-01-26,CPFE3.SA,34.36457061767578
2024-01-29,CPFE3.SA,33.90143585205078
2024-01-30,CPFE3.SA,33.18821334838867
2024-01-31,CPFE3.SA,33.58650588989258
2024-02-01,CPFE3.SA,33.76250076293945
2024-02-02,CPFE3.SA,33.002960205078125
2024-02-05,CPFE3.SA,33.26231384277344
2024-02-06,CPFE3.SA,33.78102493286133
2024-02-07,CPFE3.SA,33.78102493286133
2024-02-08,CPFE3.SA,33.077056884765625
2024-02-09,CPFE3.SA,33.215999603271484
2024-02-14,CPFE3.SA,32.9381217956543
2024-02-15,CPFE3.SA,33.41978073120117
2024-02-16,CPFE3.SA,33.215999603271484
2024-02-19,CPFE3.SA,33.215999603271484
2024-02-20,CPFE3.SA,33.59577178955078
2024-02-21,CPFE3.SA,32.97517013549805
2024-02-22,CPFE3.SA,32.97517013549805
2024-02-23,CPFE3.SA,33.215999603271484
2024-02-26,CPFE3.SA,32.76212692260742
2024-02-27,CPFE3.SA,32.66950225830078
2024-02-28,CPFE3.SA,32.65097427368164
2024-02-29,CPFE3.SA,32.7806510925293
2024-03-01,CPFE3.SA,32.7899169921875
2024-03-04,CPFE3.SA,32.3267822265625
2024-03-05,CPFE3.SA,32.076690673828125
2024-03-06,CPFE3.SA,31.863649368286133
2024-03-07,CPFE3.SA,31.872909545898438
2024-03-08,CPFE3.SA,31.669130325317383
2024-03-11,CPFE3.SA,32.0118522644043
2024-03-12,CPFE3.SA,31.493139266967773
2024-03-13,CPFE3.SA,31.187469482421875
2024-03-14,CPFE3.SA,31.150421142578125
2024-03-15,CPFE3.SA,30.918853759765625
2024-03-18,CPFE3.SA,31.159683227539062
2024-03-19,CPFE3.SA,31.261571884155273
2024-03-20,CPFE3.SA,31.687654495239258
2024-03-21,CPFE3.SA,31.872909545898438
2024-03-22,CPFE3.SA,32.113739013671875
2024-03-25,CPFE3.SA,32.41014862060547
2024-03-26,CPFE3.SA,32.558349609375
2024-03-27,CPFE3.SA,32.53055953979492
2024-03-28,CPFE3.SA,32.2434196472168
2024-04-01,CPFE3.SA,32.06742477416992
2024-04-02,CPFE3.SA,32.41014862060547
2024-04-03,CPFE3.SA,33.1696891784668
2024-04-04,CPFE3.SA,32.88254165649414
2024-04-05,CPFE3.SA,32.38235855102539
2024-04-08,CPFE3.SA,32.89180374145508
2024-04-09,CPFE3.SA,33.7161865234375
2024-04-10,CPFE3.SA,33.077056884765625
2024-04-11,CPFE3.SA,32.688026428222656
2024-04-12,CPFE3.SA,32.53055953979492
2024-04-15,CPFE3.SA,32.558349609375
2024-04-16,CPFE3.SA,32.31752014160156
2024-04-17,CPFE3.SA,32.51203536987305
2024-04-18,CPFE3.SA,32.15079116821289
2024-04-19,CPFE3.SA,32.35456848144531
2024-04-22,CPFE3.SA,32.400882720947266
2024-04-23,CPFE3.SA,32.3267822265625
2024-04-24,CPFE3.SA,32.3267822265625
2024-04-25,CPFE3.SA,32.03037643432617
2024-04-26,CPFE3.SA,32.36383056640625
2024-04-29,CPFE3.SA,29.983320236206055
2024-04-30,CPFE3.SA,29.547975540161133
2024-05-02,CPFE3.SA,29.927745819091797
2024-05-03,CPFE3.SA,30.640974044799805
2024-05-06,CPFE3.SA,30.37235450744629
2024-05-07,CPFE3.SA,30.474245071411133
2024-05-08,CPFE3.SA,30.77065086364746
2024-05-09,CPFE3.SA,30.261199951171875
2024-05-10,CPFE3.SA,30.048158645629883
2024-05-13,CPFE3.SA,30.60392189025879
2024-05-14,CPFE3.SA,31.52092742919922
2024-05-15,CPFE3.SA,31.53019142150879
2024-05-16,CPFE3.SA,31.585765838623047
2024-05-17,CPFE3.SA,31.687654495239258
2024-05-20,CPFE3.SA,31.585765838623047
2024-05-21,CPFE3.SA,32.3267822265625
2024-05-22,CPFE3.SA,32.17858123779297
2024-05-23,CPFE3.SA,32.19710159301758
2024-05-24,CPFE3.SA,32.42866897583008
2024-05-27,CPFE3.SA,32.27120590209961
2024-05-28,CPFE3.SA,32.04890060424805
2024-05-29,CPFE3.SA,31.493139266967773
2024-05-31,CPFE3.SA,31.585765838623047
2024-06-03,CPFE3.SA,31.863649368286133
2024-06-04,CPFE3.SA,32.09521484375
2024-06-05,CPFE3.SA,31.706180572509766
2024-06-06,CPFE3.SA,31.724706649780273
2024-06-07,CPFE3.SA,30.88180160522461
2024-06-10,CPFE3.SA,30.427928924560547
2024-06-11,CPFE3.SA,30.58539581298828
2024-06-12,CPFE3.SA,30.25193977355957
2024-06-13,CPFE3.SA,30.140789031982422
2024-06-14,CPFE3.SA,30.3167781829834
2024-06-17,CPFE3.SA,29.964794158935547
2024-06-18,CPFE3.SA,29.918481826782227
2024-06-19,CPFE3.SA,30.048158645629883
2024-06-20,CPFE3.SA,30.11299705505371
2024-06-21,CPFE3.SA,30.224151611328125
2024-06-24,CPFE3.SA,30.279726028442383
2024-06-25,CPFE3.SA,30.224151611328125
2024-06-26,CPFE3.SA,30.122262954711914
2024-06-27,CPFE3.SA,30.687286376953125
2024-06-28,CPFE3.SA,30.3167781829834
2024-07-01,CPFE3.SA,30.381616592407227
2024-07-02,CPFE3.SA,30.233413696289062
2024-07-03,CPFE3.SA,30.650236129760742
2024-07-04,CPFE3.SA,30.88180160522461
2024-07-05,CPFE3.SA,30.640974044799805
2024-07-08,CPFE3.SA,30.99295425415039
2024-07-09,CPFE3.SA,30.909589767456055
2024-07-10,CPFE3.SA,30.99295425415039
2024-07-11,CPFE3.SA,31.22452163696289
2024-07-12,CPFE3.SA,31.29862403869629
2024-07-15,CPFE3.SA,30.742860794067383
2024-07-16,CPFE3.SA,30.99295425415039
2024-07-17,CPFE3.SA,31.215259552001953
2024-07-18,CPFE3.SA,30.863277435302734
2024-07-19,CPFE3.SA,30.455718994140625
2024-07-22,CPFE3.SA,30.798439025878906
2024-07-23,CPFE3.SA,30.381616592407227
2024-07-24,CPFE3.SA,30.5483455657959
2024-07-25,CPFE3.SA,29.927745819091797
2024-07-26,CPFE3.SA,30.381616592407227
2024-07-29,CPFE3.SA,30.455718994140625
2024-07-30,CPFE3.SA,30.279726028442383
2024-07-31,CPFE3.SA,30.0852108001709
2024-08-01,CPFE3.SA,30.427928924560547
2024-08-02,CPFE3.SA,30.733598709106445
2024-08-05,CPFE3.SA,29.89995574951172
2024-08-06,CPFE3.SA,30.418668746948242
2024-08-07,CPFE3.SA,30.474245071411133
2024-08-08,CPFE3.SA,30.48350715637207
2024-08-09,CPFE3.SA,30.48350715637207
2024-08-12,CPFE3.SA,30.613183975219727
2024-08-13,CPFE3.SA,30.983692169189453
2024-08-14,CPFE3.SA,31.28009796142578
2024-08-15,CPFE3.SA,30.872541427612305
2024-08-16,CPFE3.SA,30.955902099609375
2024-08-19,CPFE3.SA,30.752124786376953
2024-08-20,CPFE3.SA,30.798439025878906
2024-08-21,CPFE3.SA,31.122631072998047
2024-08-22,CPFE3.SA,31.178207397460938
2024-08-23,CPFE3.SA,31.28009796142578
2024-08-26,CPFE3.SA,31.335676193237305
2024-08-27,CPFE3.SA,30.48350715637207
2024-08-28,CPFE3.SA,30.60392189025879
2024-08-29,CPFE3.SA,30.437192916870117
2024-08-30,CPFE3.SA,31.57650375366211
2024-09-02,CPFE3.SA,30.77065086364746
2024-09-03,CPFE3.SA,31.06705665588379
2024-09-04,CPFE3.SA,31.835857391357422
2024-09-05,CPFE3.SA,32.17858123779297
2024-09-06,CPFE3.SA,32.09521484375
2024-09-09,CPFE3.SA,31.92848777770996
2024-09-10,CPFE3.SA,31.724706649780273
2024-09-11,CPFE3.SA,31.5579776763916
2024-09-12,CPFE3.SA,31.317150115966797
2024-09-13,CPFE3.SA,31.493139266967773
2024-09-16,CPFE3.SA,31.73396873474121
2024-09-17,CPFE3.SA,31.51166534423828
2024-09-18,CPFE3.SA,31.261571884155273
2024-09-19,CPFE3.SA,31.00221824645996
2024-09-20,CPFE3.SA,30.918853759765625
2024-09-23,CPFE3.SA,30.88180160522461
2024-09-24,CPFE3.SA,30.78917694091797
2024-09-25,CPFE3.SA,30.76138687133789
2024-09-26,CPFE3.SA,30.955902099609375
2024-09-27,CPFE3.SA,31.27083396911621
2024-09-30,CPFE3.SA,31.428300857543945
2024-10-01,CPFE3.SA,31.363462448120117
2024-10-02,CPFE3.SA,31.446826934814453
2024-10-03,CPFE3.SA,31.317150115966797
2024-10-04,CPFE3.SA,31.50240135192871
2024-10-07,CPFE3.SA,31.493139266967773
2024-10-08,CPFE3.SA,31.53019142150879
2024-10-09,CPFE3.SA,30.455718994140625
2024-10-10,CPFE3.SA,30.242677688598633
2024-10-11,CPFE3.SA,30.122262954711914
2024-10-14,CPFE3.SA,30.261199951171875
2024-10-15,CPFE3.SA,30.353830337524414
2024-10-16,CPFE3.SA,30.446455001831055
2024-10-17,CPFE3.SA,30.29825210571289
2024-10-18,CPFE3.SA,30.196361541748047
2024-10-21,CPFE3.SA,30.288991928100586
2024-10-22,CPFE3.SA,30.3167781829834
2024-10-23,CPFE3.SA,30.390880584716797
2024-10-24,CPFE3.SA,30.60392189025879
2024-10-25,CPFE3.SA,30.29825210571289
2024-10-28,CPFE3.SA,30.502033233642578
2024-10-29,CPFE3.SA,30.150049209594727
2024-10-30,CPFE3.SA,30.32604217529297
2024-10-31,CPFE3.SA,30.353830337524414
2024-11-01,CPFE3.SA,30.029632568359375
2024-11-04,CPFE3.SA,30.474245071411133
2024-11-05,CPFE3.SA,30.446455001831055
2024-11-06,CPFE3.SA,30.159313201904297
2024-11-07,CPFE3.SA,29.964794158935547
2024-11-08,CPFE3.SA,29.983320236206055
2024-11-11,CPFE3.SA,29.927745819091797
2024-11-12,CPFE3.SA,30.11299705505371
2024-11-13,CPFE3.SA,30.038898468017578
2024-11-14,CPFE3.SA,29.97406005859375
2024-11-18,CPFE3.SA,29.88142967224121
2024-11-19,CPFE3.SA,30.103736877441406
2024-11-21,CPFE3.SA,30.07594871520996
2024-11-22,CPFE3.SA,30.5483455657959
2024-11-25,CPFE3.SA,30.705812454223633
2024-11-26,CPFE3.SA,31.215259552001953
2024-11-27,CPFE3.SA,30.474245071411133
2024-11-28,CPFE3.SA,30.81696319580078
2024-11-29,CPFE3.SA,30.214887619018555
2024-12-02,CPFE3.SA,29.844383239746094
2024-12-03,CPFE3.SA,29.983320236206055
2024-12-04,CPFE3.SA,29.723966598510742
2024-12-05,CPFE3.SA,29.89995574951172
2024-12-06,CPFE3.SA,29.66838836669922
2024-12-09,CPFE3.SA,29.585025787353516
2024-12-10,CPFE3.SA,29.872169494628906
2024-12-11,CPFE3.SA,30.242677688598633
2024-12-12,CPFE3.SA,29.761018753051758
2024-12-13,CPFE3.SA,29.640602111816406
2024-12-16,CPFE3.SA,29.27935791015625
2024-12-17,CPFE3.SA,29.798065185546875
2024-12-18,CPFE3.SA,29.353458404541016
2024-12-19,CPFE3.SA,29.640602111816406
2024-12-20,CPFE3.SA,30.11299705505371
2024-12-23,CPFE3.SA,28.992212295532227
2024-12-26,CPFE3.SA,29.16820526123047
2024-12-27,CPFE3.SA,29.223779678344727
2024-12-30,CPFE3.SA,29.260831832885742
2022-01-03,EQTL3.SA,19.60045623779297
2022-01-04,EQTL3.SA,19.422836303710938
2022-01-05,EQTL3.SA,19.165285110473633
2022-01-06,EQTL3.SA,19.00542640686035
2022-01-07,EQTL3.SA,18.961021423339844
2022-01-10,EQTL3.SA,19.28961944580078
2022-01-11,EQTL3.SA,19.72479248046875
2022-01-12,EQTL3.SA,20.20436668395996
2022-01-13,EQTL3.SA,20.06226921081543
2022-01-14,EQTL3.SA,20.088912963867188
2022-01-17,EQTL3.SA,19.79583740234375
2022-01-18,EQTL3.SA,19.396194458007812
2022-01-19,EQTL3.SA,19.715909957885742
2022-01-20,EQTL3.SA,19.769195556640625
2022-01-21,EQTL3.SA,19.66262435913086
2022-01-24,EQTL3.SA,19.325143814086914
2022-01-25,EQTL3.SA,19.69814682006836
2022-01-26,EQTL3.SA,19.680387496948242
2022-01-27,EQTL3.SA,19.893531799316406
2022-01-28,EQTL3.SA,20.115556716918945
2022-01-31,EQTL3.SA,20.390869140625
2022-02-01,EQTL3.SA,20.381988525390625
2022-02-02,EQTL3.SA,20.36422348022461
2022-02-03,EQTL3.SA,20.763872146606445
2022-02-04,EQTL3.SA,21.278974533081055
2022-02-07,EQTL3.SA,21.31450080871582
2022-02-08,EQTL3.SA,21.101356506347656
2022-02-09,EQTL3.SA,21.31450080871582
2022-02-10,EQTL3.SA,21.287853240966797
2022-02-11,EQTL3.SA,21.119115829467773
2022-02-14,EQTL3.SA,21.199045181274414
2022-02-15,EQTL3.SA,21.82959747314453
2022-02-16,EQTL3.SA,21.971694946289062
2022-02-17,EQTL3.SA,21.971694946289062
2022-02-18,EQTL3.SA,22.175960540771484
2022-02-21,EQTL3.SA,21.669740676879883
2022-02-22,EQTL3.SA,22.309173583984375
2022-02-23,EQTL3.SA,22.557842254638672
2022-02-24,EQTL3.SA,22.753225326538086
2022-02-25,EQTL3.SA,22.70882225036621
2022-03-02,EQTL3.SA,22.70882225036621
2022-03-03,EQTL3.SA,22.753225326538086
2022-03-04,EQTL3.SA,22.513439178466797
2022-03-07,EQTL3.SA,22.1937198638916
2022-03-08,EQTL3.SA,22.10491180419922
2022-03-09,EQTL3.SA,22.886444091796875
2022-03-10,EQTL3.SA,22.824275970458984
2022-03-11,EQTL3.SA,22.50455665588379
2022-03-14,EQTL3.SA,22.76210594177246
2022-03-15,EQTL3.SA,22.80651092529297
2022-03-16,EQTL3.SA,22.957489013671875
2022-03-17,EQTL3.SA,23.30385398864746
2022-03-18,EQTL3.SA,23.747901916503906
2022-03-21,EQTL3.SA,23.818950653076172
2022-03-22,EQTL3.SA,24.191953659057617
2022-03-23,EQTL3.SA,24.0676212310791
2022-03-24,EQTL3.SA,24.422861099243164
2022-03-25,EQTL3.SA,24.245243072509766
2022-03-28,EQTL3.SA,24.422861099243164
2022-03-29,EQTL3.SA,24.485027313232422
2022-03-30,EQTL3.SA,24.263004302978516
2022-03-31,EQTL3.SA,24.165313720703125
2022-04-01,EQTL3.SA,24.431743621826172
2022-04-04,EQTL3.SA,24.3162899017334
2022-04-05,EQTL3.SA,24.023216247558594
2022-04-06,EQTL3.SA,23.61469078063965
2022-04-07,EQTL3.SA,23.108469009399414
2022-04-08,EQTL3.SA,22.948612213134766
2022-04-11,EQTL3.SA,22.646652221679688
2022-04-12,EQTL3.SA,22.62889289855957
2022-04-13,EQTL3.SA,22.557842254638672
2022-04-14,EQTL3.SA,22.993013381958008
2022-04-18,EQTL3.SA,22.735464096069336
2022-04-19,EQTL3.SA,22.42462730407715
2022-04-20,EQTL3.SA,22.602251052856445
2022-04-22,EQTL3.SA,22.362459182739258
2022-04-25,EQTL3.SA,22.8775577545166
2022-04-26,EQTL3.SA,23.268327713012695
2022-04-27,EQTL3.SA,23.4193058013916
2022-04-28,EQTL3.SA,23.11734962463379
2022-04-29,EQTL3.SA,22.770992279052734
2022-05-02,EQTL3.SA,22.685075759887695
2022-05-03,EQTL3.SA,22.47562026977539
2022-05-04,EQTL3.SA,22.976497650146484
2022-05-05,EQTL3.SA,22.129560470581055
2022-05-06,EQTL3.SA,21.82903480529785
2022-05-09,EQTL3.SA,22.147777557373047
2022-05-10,EQTL3.SA,22.10224151611328
2022-05-11,EQTL3.SA,21.455656051635742
2022-05-12,EQTL3.SA,21.692434310913086
2022-05-13,EQTL3.SA,21.856359481811523
2022-05-16,EQTL3.SA,22.311697006225586
2022-05-17,EQTL3.SA,22.129560470581055
2022-05-18,EQTL3.SA,21.246200561523438
2022-05-19,EQTL3.SA,21.273521423339844
2022-05-20,EQTL3.SA,21.501192092895508
2022-05-23,EQTL3.SA,21.255308151245117
2022-05-24,EQTL3.SA,22.011173248291016
2022-05-25,EQTL3.SA,21.965641021728516
2022-05-26,EQTL3.SA,21.865463256835938
2022-05-27,EQTL3.SA,21.610475540161133
2022-05-30,EQTL3.SA,21.255308151245117
2022-05-31,EQTL3.SA,21.656007766723633
2022-06-01,EQTL3.SA,21.48297691345215
2022-06-02,EQTL3.SA,21.856359481811523
2022-06-03,EQTL3.SA,22.020282745361328
2022-06-06,EQTL3.SA,22.0476016998291
2022-06-07,EQTL3.SA,22.284378051757812
2022-06-08,EQTL3.SA,22.257061004638672
2022-06-09,EQTL3.SA,22.0476016998291
2022-06-10,EQTL3.SA,22.00206756591797
2022-06-13,EQTL3.SA,21.41922950744629
2022-06-14,EQTL3.SA,21.319055557250977
2022-06-15,EQTL3.SA,22.138668060302734
2022-06-17,EQTL3.SA,22.00206756591797
2022-06-20,EQTL3.SA,21.956533432006836
2022-06-21,EQTL3.SA,21.665111541748047
2022-06-22,EQTL3.SA,21.410125732421875
2022-06-23,EQTL3.SA,20.982101440429688
2022-06-24,EQTL3.SA,20.827287673950195
2022-06-27,EQTL3.SA,20.790861129760742
2022-06-28,EQTL3.SA,20.563188552856445
2022-06-29,EQTL3.SA,20.444801330566406
2022-06-30,EQTL3.SA,20.79996681213379
2022-07-01,EQTL3.SA,21.0367431640625
2022-07-04,EQTL3.SA,20.5996150970459
2022-07-05,EQTL3.SA,20.399267196655273
2022-07-06,EQTL3.SA,20.417478561401367
2022-07-07,EQTL3.SA,21.136917114257812
2022-07-08,EQTL3.SA,20.891035079956055
2022-07-11,EQTL3.SA,20.526762008666992
2022-07-12,EQTL3.SA,20.60872459411621
2022-07-13,EQTL3.SA,20.362836837768555
2022-07-14,EQTL3.SA,20.453907012939453
2022-07-15,EQTL3.SA,20.444801330566406
2022-07-18,EQTL3.SA,20.481225967407227
2022-07-19,EQTL3.SA,20.64514923095703
2022-07-20,EQTL3.SA,21.10049057006836
2022-07-21,EQTL3.SA,21.255308151245117
2022-07-22,EQTL3.SA,20.9912109375
2022-07-25,EQTL3.SA,21.209774017333984
2022-07-26,EQTL3.SA,21.382802963256836
2022-07-27,EQTL3.SA,21.965641021728516
2022-07-28,EQTL3.SA,22.30259132385254
2022-07-29,EQTL3.SA,22.594009399414062
2022-08-01,EQTL3.SA,22.55758285522461
2022-08-02,EQTL3.SA,22.703292846679688
2022-08-03,EQTL3.SA,22.767040252685547
2022-08-04,EQTL3.SA,23.368087768554688
2022-08-05,EQTL3.SA,23.204166412353516
2022-08-08,EQTL3.SA,23.176847457885742
2022-08-09,EQTL3.SA,23.277023315429688
2022-08-10,EQTL3.SA,23.195058822631836
2022-08-11,EQTL3.SA,22.029386520385742
2022-08-12,EQTL3.SA,22.284378051757812
2022-08-15,EQTL3.SA,22.803466796875
2022-08-16,EQTL3.SA,22.73971939086914
2022-08-17,EQTL3.SA,23.05845832824707
2022-08-18,EQTL3.SA,22.9400691986084
2022-08-19,EQTL3.SA,22.730613708496094
2022-08-22,EQTL3.SA,22.484725952148438
2022-08-23,EQTL3.SA,22.530261993408203
2022-08-24,EQTL3.SA,22.43008804321289
2022-08-25,EQTL3.SA,22.266164779663086
2022-08-26,EQTL3.SA,21.847251892089844
2022-08-29,EQTL3.SA,21.883678436279297
2022-08-30,EQTL3.SA,21.87457275390625
2022-08-31,EQTL3.SA,22.020282745361328
2022-09-01,EQTL3.SA,22.266164779663086
2022-09-02,EQTL3.SA,22.211523056030273
2022-09-05,EQTL3.SA,22.976497650146484
2022-09-06,EQTL3.SA,22.694185256958008
2022-09-08,EQTL3.SA,22.420982360839844
2022-09-09,EQTL3.SA,22.311697006225586
2022-09-12,EQTL3.SA,22.43008804321289
2022-09-13,EQTL3.SA,22.320804595947266
2022-09-14,EQTL3.SA,22.530261993408203
2022-09-15,EQTL3.SA,22.29348373413086
2022-09-16,EQTL3.SA,22.05670928955078
2022-09-19,EQTL3.SA,22.484725952148438
2022-09-20,EQTL3.SA,22.402767181396484
2022-09-21,EQTL3.SA,22.51205062866211
2022-09-22,EQTL3.SA,22.794361114501953
2022-09-23,EQTL3.SA,24.561080932617188
2022-09-26,EQTL3.SA,24.324304580688477
2022-09-27,EQTL3.SA,23.81432342529297
2022-09-28,EQTL3.SA,23.768789291381836
2022-09-29,EQTL3.SA,23.68682861328125
2022-09-30,EQTL3.SA,24.497331619262695
2022-10-03,EQTL3.SA,26.04549217224121
2022-10-04,EQTL3.SA,25.77229118347168
2022-10-05,EQTL3.SA,26.11834716796875
2022-10-06,EQTL3.SA,25.644794464111328
2022-10-07,EQTL3.SA,25.499082565307617
2022-10-10,EQTL3.SA,25.826927185058594
2022-10-11,EQTL3.SA,26.091028213500977
2022-10-13,EQTL3.SA,25.153026580810547
2022-10-14,EQTL3.SA,24.84339141845703
2022-10-17,EQTL3.SA,25.10748863220215
2022-10-18,EQTL3.SA,25.517297744750977
2022-10-19,EQTL3.SA,25.708539962768555
2022-10-20,EQTL3.SA,25.708539962768555
2022-10-21,EQTL3.SA,26.00906753540039
2022-10-24,EQTL3.SA,25.63568878173828
2022-10-25,EQTL3.SA,25.517297744750977
2022-10-26,EQTL3.SA,24.989103317260742
2022-10-27,EQTL3.SA,26.00906753540039
2022-10-28,EQTL3.SA,26.027278900146484
2022-10-31,EQTL3.SA,27.347768783569336
2022-11-01,EQTL3.SA,27.32044792175293
2022-11-03,EQTL3.SA,27.07456398010254
2022-11-04,EQTL3.SA,27.375089645385742
2022-11-07,EQTL3.SA,26.35512351989746
2022-11-08,EQTL3.SA,26.737613677978516
2022-11-09,EQTL3.SA,26.728506088256836
2022-11-10,EQTL3.SA,25.972639083862305
2022-11-11,EQTL3.SA,25.999958038330078
2022-11-14,EQTL3.SA,26.063705444335938
2022-11-16,EQTL3.SA,24.916248321533203
2022-11-17,EQTL3.SA,24.97999382019043
2022-11-18,EQTL3.SA,25.0528507232666
2022-11-21,EQTL3.SA,25.25320053100586
2022-11-22,EQTL3.SA,25.198558807373047
2022-11-23,EQTL3.SA,25.42622947692871
2022-11-24,EQTL3.SA,26.081920623779297
2022-11-25,EQTL3.SA,25.04374122619629
2022-11-28,EQTL3.SA,24.770538330078125
2022-11-29,EQTL3.SA,24.97999382019043
2022-11-30,EQTL3.SA,25.089279174804688
2022-12-01,EQTL3.SA,24.925355911254883
2022-12-02,EQTL3.SA,24.779645919799805
2022-12-05,EQTL3.SA,24.10573959350586
2022-12-06,EQTL3.SA,24.12395477294922
2022-12-07,EQTL3.SA,24.23323631286621
2022-12-08,EQTL3.SA,24.02377700805664
2022-12-09,EQTL3.SA,24.02377700805664
2022-12-12,EQTL3.SA,24.06931495666504
2022-12-13,EQTL3.SA,23.75968360900879
2022-12-14,EQTL3.SA,23.8598575592041
2022-12-15,EQTL3.SA,23.659507751464844
2022-12-16,EQTL3.SA,23.887178421020508
2022-12-19,EQTL3.SA,24.17859649658203
2022-12-20,EQTL3.SA,24.369840621948242
2022-12-21,EQTL3.SA,24.37894630432129
2022-12-22,EQTL3.SA,24.48822784423828
2022-12-23,EQTL3.SA,24.561080932617188
2022-12-26,EQTL3.SA,23.960033416748047
2022-12-27,EQTL3.SA,24.014673233032227
2022-12-28,EQTL3.SA,24.84339141845703
2022-12-29,EQTL3.SA,24.606616973876953
2023-01-02,EQTL3.SA,23.85074806213379
2023-01-03,EQTL3.SA,23.267913818359375
2023-01-04,EQTL3.SA,23.313447952270508
2023-01-05,EQTL3.SA,23.386301040649414
2023-01-06,EQTL3.SA,23.313447952270508
2023-01-09,EQTL3.SA,23.632186889648438
2023-01-10,EQTL3.SA,23.841644287109375
2023-01-11,EQTL3.SA,24.916248321533203
2023-01-12,EQTL3.SA,25.089279174804688
2023-01-13,EQTL3.SA,24.661256790161133
2023-01-16,EQTL3.SA,24.433584213256836
2023-01-17,EQTL3.SA,24.42447853088379
2023-01-18,EQTL3.SA,24.970884323120117
2023-01-19,EQTL3.SA,24.943565368652344
2023-01-20,EQTL3.SA,24.579296112060547
2023-01-23,EQTL3.SA,24.579296112060547
2023-01-24,EQTL3.SA,24.79785919189453
2023-01-25,EQTL3.SA,25.380695343017578
2023-01-26,EQTL3.SA,25.480871200561523
2023-01-27,EQTL3.SA,25.307842254638672
2023-01-30,EQTL3.SA,25.04374122619629
2023-01-31,EQTL3.SA,25.517297744750977
2023-02-01,EQTL3.SA,25.499082565307617
2023-02-02,EQTL3.SA,25.55372428894043
2023-02-03,EQTL3.SA,24.761430740356445
2023-02-06,EQTL3.SA,24.5246524810791
2023-02-07,EQTL3.SA,24.087526321411133
2023-02-08,EQTL3.SA,24.551971435546875
2023-02-09,EQTL3.SA,23.878067016601562
2023-02-10,EQTL3.SA,24.36073112487793
2023-02-13,EQTL3.SA,24.23323631286621
2023-02-14,EQTL3.SA,23.9964599609375
2023-02-15,EQTL3.SA,24.22412872314453
2023-02-16,EQTL3.SA,24.11484718322754
2023-02-17,EQTL3.SA,24.087526321411133
2023-02-22,EQTL3.SA,23.55022430419922
2023-02-23,EQTL3.SA,23.723255157470703
2023-02-24,EQTL3.SA,23.404516220092773
2023-02-27,EQTL3.SA,23.231487274169922
2023-02-28,EQTL3.SA,23.15863037109375
2023-03-01,EQTL3.SA,22.6668643951416
2023-03-02,EQTL3.SA,22.712398529052734
2023-03-03,EQTL3.SA,22.88542938232422
2023-03-06,EQTL3.SA,23.213275909423828
2023-03-07,EQTL3.SA,23.22237777709961
2023-03-08,EQTL3.SA,23.723255157470703
2023-03-09,EQTL3.SA,23.786998748779297
2023-03-10,EQTL3.SA,23.82343101501465
2023-03-13,EQTL3.SA,23.923606872558594
2023-03-14,EQTL3.SA,23.750574111938477
2023-03-15,EQTL3.SA,24.62483024597168
2023-03-16,EQTL3.SA,24.369840621948242
2023-03-17,EQTL3.SA,23.149526596069336
2023-03-20,EQTL3.SA,22.9400691986084
2023-03-21,EQTL3.SA,22.830787658691406
2023-03-22,EQTL3.SA,22.912748336791992
2023-03-23,EQTL3.SA,22.339019775390625
2023-03-24,EQTL3.SA,23.10399055480957
2023-03-27,EQTL3.SA,23.66861343383789
2023-03-28,EQTL3.SA,24.29698371887207
2023-03-29,EQTL3.SA,24.205917358398438
2023-03-30,EQTL3.SA,24.652151107788086
2023-03-31,EQTL3.SA,24.551971435546875
2023-04-03,EQTL3.SA,24.47911834716797
2023-04-04,EQTL3.SA,25.134811401367188
2023-04-05,EQTL3.SA,24.83428955078125
2023-04-06,EQTL3.SA,25.207664489746094
2023-04-10,EQTL3.SA,25.298734664916992
2023-04-11,EQTL3.SA,25.55372428894043
2023-04-12,EQTL3.SA,25.981746673583984
2023-04-13,EQTL3.SA,26.19120216369629
2023-04-14,EQTL3.SA,26.200305938720703
2023-04-17,EQTL3.SA,25.8997802734375
2023-04-18,EQTL3.SA,25.535512924194336
2023-04-19,EQTL3.SA,24.93446159362793
2023-04-20,EQTL3.SA,25.581045150756836
2023-04-24,EQTL3.SA,25.280521392822266
2023-04-25,EQTL3.SA,25.143918991088867
2023-04-26,EQTL3.SA,24.88892936706543
2023-04-27,EQTL3.SA,24.770538330078125
2023-04-28,EQTL3.SA,24.898033142089844
2023-05-02,EQTL3.SA,24.657861709594727
2023-05-03,EQTL3.SA,24.38080596923828
2023-05-04,EQTL3.SA,25.02726936340332
2023-05-05,EQTL3.SA,25.332027435302734
2023-05-08,EQTL3.SA,25.368967056274414
2023-05-09,EQTL3.SA,25.67372703552246
2023-05-10,EQTL3.SA,25.89537239074707
2023-05-11,EQTL3.SA,26.237075805664062
2023-05-12,EQTL3.SA,26.588008880615234
2023-05-15,EQTL3.SA,26.745006561279297
2023-05-16,EQTL3.SA,26.52336311340332
2023-05-17,EQTL3.SA,26.431011199951172
2023-05-18,EQTL3.SA,26.634183883666992
2023-05-19,EQTL3.SA,27.0682373046875
2023-05-22,EQTL3.SA,27.003589630126953
2023-05-23,EQTL3.SA,26.920475006103516
2023-05-24,EQTL3.SA,26.52336311340332
2023-05-25,EQTL3.SA,26.754240036010742
2023-05-26,EQTL3.SA,26.689594268798828
2023-05-29,EQTL3.SA,26.080074310302734
2023-05-30,EQTL3.SA,25.950782775878906
2023-05-31,EQTL3.SA,25.996959686279297
2023-06-01,EQTL3.SA,25.812255859375
2023-06-02,EQTL3.SA,26.006195068359375
2023-06-05,EQTL3.SA,25.978487014770508
2023-06-06,EQTL3.SA,26.818889617919922
2023-06-07,EQTL3.SA,27.345291137695312
2023-06-09,EQTL3.SA,28.084104537963867
2023-06-12,EQTL3.SA,28.5366268157959
2023-06-13,EQTL3.SA,28.721328735351562
2023-06-14,EQTL3.SA,28.767505645751953
2023-06-15,EQTL3.SA,28.767505645751953
2023-06-16,EQTL3.SA,28.370393753051758
2023-06-19,EQTL3.SA,28.241098403930664
2023-06-20,EQTL3.SA,28.51815414428711
2023-06-21,EQTL3.SA,28.471981048583984
2023-06-22,EQTL3.SA,27.705461502075195
2023-06-23,EQTL3.SA,29.090736389160156
2023-06-26,EQTL3.SA,29.0445613861084
2023-06-27,EQTL3.SA,28.924501419067383
2023-06-28,EQTL3.SA,28.85062026977539
2023-06-29,EQTL3.SA,29.007617950439453
2023-06-30,EQTL3.SA,29.691020965576172
2023-07-03,EQTL3.SA,29.977312088012695
2023-07-04,EQTL3.SA,30.10660171508789
2023-07-05,EQTL3.SA,30.337480545043945
2023-07-06,EQTL3.SA,30.180484771728516
2023-07-07,EQTL3.SA,30.44830322265625
2023-07-10,EQTL3.SA,30.189716339111328
2023-07-11,EQTL3.SA,30.328248977661133
2023-07-12,EQTL3.SA,30.429832458496094
2023-07-13,EQTL3.SA,30.799240112304688
2023-07-14,EQTL3.SA,30.346717834472656
2023-07-17,EQTL3.SA,30.559125900268555
2023-07-18,EQTL3.SA,30.596065521240234
2023-07-19,EQTL3.SA,30.808475494384766
2023-07-20,EQTL3.SA,31.251760482788086
2023-07-21,EQTL3.SA,31.501110076904297
2023-07-24,EQTL3.SA,31.824342727661133
2023-07-25,EQTL3.SA,31.621170043945312
2023-07-26,EQTL3.SA,31.565757751464844
2023-07-27,EQTL3.SA,30.965471267700195
2023-07-28,EQTL3.SA,31.297935485839844
2023-07-31,EQTL3.SA,30.974708557128906
2023-08-01,EQTL3.SA,30.522184371948242
2023-08-02,EQTL3.SA,30.66994857788086
2023-08-03,EQTL3.SA,30.23589515686035
2023-08-04,EQTL3.SA,30.125072479248047
2023-08-07,EQTL3.SA,30.06966209411621
2023-08-08,EQTL3.SA,29.903430938720703
2023-08-09,EQTL3.SA,29.94036865234375
2023-08-10,EQTL3.SA,29.857254028320312
2023-08-11,EQTL3.SA,29.92190170288086
2023-08-14,EQTL3.SA,29.838783264160156
2023-08-15,EQTL3.SA,29.247732162475586
2023-08-16,EQTL3.SA,28.970680236816406
2023-08-17,EQTL3.SA,28.95220947265625
2023-08-18,EQTL3.SA,29.460140228271484
2023-08-21,EQTL3.SA,29.22926139831543
2023-08-22,EQTL3.SA,29.40473175048828
2023-08-23,EQTL3.SA,29.617137908935547
2023-08-24,EQTL3.SA,29.64484405517578
2023-08-25,EQTL3.SA,29.19232177734375
2023-08-28,EQTL3.SA,29.22926139831543
2023-08-29,EQTL3.SA,29.70025634765625
2023-08-30,EQTL3.SA,29.829547882080078
2023-08-31,EQTL3.SA,29.23849868774414
2023-09-01,EQTL3.SA,29.460140228271484
2023-09-04,EQTL3.SA,29.580198287963867
2023-09-05,EQTL3.SA,28.933738708496094
2023-09-06,EQTL3.SA,28.3519229888916
2023-09-08,EQTL3.SA,28.767505645751953
2023-09-11,EQTL3.SA,29.36779022216797
2023-09-12,EQTL3.SA,29.848018646240234
2023-09-13,EQTL3.SA,30.62377166748047
2023-09-14,EQTL3.SA,30.836177825927734
2023-09-15,EQTL3.SA,31.362581253051758
2023-09-18,EQTL3.SA,30.642240524291992
2023-09-19,EQTL3.SA,30.734594345092773
2023-09-20,EQTL3.SA,30.974708557128906
2023-09-21,EQTL3.SA,30.61453628540039
2023-09-22,EQTL3.SA,30.36518669128418
2023-09-25,EQTL3.SA,30.245128631591797
2023-09-26,EQTL3.SA,29.91266632080078
2023-09-27,EQTL3.SA,29.460140228271484
2023-09-28,EQTL3.SA,29.68178367614746
2023-09-29,EQTL3.SA,29.607906341552734
2023-10-02,EQTL3.SA,29.39549446105957
2023-10-03,EQTL3.SA,29.136911392211914
2023-10-04,EQTL3.SA,29.02608871459961
2023-10-05,EQTL3.SA,28.933738708496094
2023-10-06,EQTL3.SA,28.749034881591797
2023-10-09,EQTL3.SA,29.02608871459961
2023-10-10,EQTL3.SA,29.811077117919922
2023-10-11,EQTL3.SA,29.49708366394043
2023-10-13,EQTL3.SA,28.416568756103516
2023-10-16,EQTL3.SA,28.51815414428711
2023-10-17,EQTL3.SA,28.278043746948242
2023-10-18,EQTL3.SA,27.77010726928711
2023-10-19,EQTL3.SA,28.305747985839844
2023-10-20,EQTL3.SA,28.628976821899414
2023-10-23,EQTL3.SA,29.0445613861084
2023-10-24,EQTL3.SA,29.26620101928711
2023-10-25,EQTL3.SA,29.201557159423828
2023-10-26,EQTL3.SA,30.208189010620117
2023-10-27,EQTL3.SA,29.47861099243164
2023-10-30,EQTL3.SA,28.86909294128418
2023-10-31,EQTL3.SA,29.183088302612305
2023-11-01,EQTL3.SA,29.792606353759766
2023-11-03,EQTL3.SA,30.39289093017578
2023-11-06,EQTL3.SA,30.734594345092773
2023-11-07,EQTL3.SA,30.65147590637207
2023-11-08,EQTL3.SA,30.799240112304688
2023-11-09,EQTL3.SA,30.753063201904297
2023-11-10,EQTL3.SA,31.14094352722168
2023-11-13,EQTL3.SA,30.85464859008789
2023-11-14,EQTL3.SA,31.390289306640625
2023-11-16,EQTL3.SA,31.778167724609375
2023-11-17,EQTL3.SA,31.630403518676758
2023-11-20,EQTL3.SA,31.630403518676758
2023-11-21,EQTL3.SA,31.454933166503906
2023-11-22,EQTL3.SA,31.907461166381836
2023-11-23,EQTL3.SA,32.212223052978516
2023-11-24,EQTL3.SA,32.08293151855469
2023-11-27,EQTL3.SA,31.981342315673828
2023-11-28,EQTL3.SA,31.888988494873047
2023-11-29,EQTL3.SA,31.547290802001953
2023-11-30,EQTL3.SA,31.454933166503906
2023-12-01,EQTL3.SA,31.556520462036133
2023-12-04,EQTL3.SA,31.399520874023438
2023-12-05,EQTL3.SA,31.824342727661133
2023-12-06,EQTL3.SA,31.399520874023438
2023-12-07,EQTL3.SA,31.602693557739258
2023-12-08,EQTL3.SA,31.630403518676758
2023-12-11,EQTL3.SA,31.51957893371582
2023-12-12,EQTL3.SA,31.482643127441406
2023-12-13,EQTL3.SA,31.861278533935547
2023-12-14,EQTL3.SA,32.05522155761719
2023-12-15,EQTL3.SA,31.667339324951172
2023-12-18,EQTL3.SA,31.861278533935547
2023-12-19,EQTL3.SA,32.11986541748047
2023-12-20,EQTL3.SA,32.61856460571289
2023-12-21,EQTL3.SA,32.59086227416992
2023-12-22,EQTL3.SA,32.5169792175293
2023-12-26,EQTL3.SA,32.5169792175293
2023-12-27,EQTL3.SA,32.76633071899414
2023-12-28,EQTL3.SA,32.987972259521484
2024-01-02,EQTL3.SA,32.32304000854492
2024-01-03,EQTL3.SA,32.498504638671875
2024-01-04,EQTL3.SA,32.16604232788086
2024-01-05,EQTL3.SA,32.11986541748047
2024-01-08,EQTL3.SA,32.04598617553711
2024-01-09,EQTL3.SA,32.27686309814453
2024-01-10,EQTL3.SA,32.72015380859375
2024-01-11,EQTL3.SA,32.20297622680664
2024-01-12,EQTL3.SA,32.20297622680664
2024-01-15,EQTL3.SA,32.91408920288086
2024-01-16,EQTL3.SA,32.544677734375
2024-01-17,EQTL3.SA,32.50774383544922
2024-01-18,EQTL3.SA,31.953636169433594
2024-01-19,EQTL3.SA,31.741226196289062
2024-01-22,EQTL3.SA,31.390289306640625
2024-01-23,EQTL3.SA,31.501110076904297
2024-01-24,EQTL3.SA,31.427227020263672
2024-01-25,EQTL3.SA,32.184513092041016
2024-01-26,EQTL3.SA,32.61856460571289
2024-01-29,EQTL3.SA,32.498504638671875
2024-01-30,EQTL3.SA,31.92592430114746
2024-01-31,EQTL3.SA,32.72015380859375
2024-02-01,EQTL3.SA,33.08956527709961
2024-02-02,EQTL3.SA,32.62779998779297
2024-02-05,EQTL3.SA,32.50774383544922
2024-02-06,EQTL3.SA,33.061851501464844
2024-02-07,EQTL3.SA,33.04338073730469
2024-02-08,EQTL3.SA,31.621170043945312
2024-02-09,EQTL3.SA,31.482643127441406
2024-02-14,EQTL3.SA,31.02088165283203
2024-02-15,EQTL3.SA,31.602693557739258
2024-02-16,EQTL3.SA,31.307174682617188
2024-02-19,EQTL3.SA,31.390289306640625
2024-02-20,EQTL3.SA,31.648876190185547
2024-02-21,EQTL3.SA,31.122467041015625
2024-02-22,EQTL3.SA,30.92853355407715
2024-02-23,EQTL3.SA,31.03011703491211
2024-02-26,EQTL3.SA,31.00241470336914
2024-02-27,EQTL3.SA,31.399520874023438
2024-02-28,EQTL3.SA,31.584230422973633
2024-02-29,EQTL3.SA,31.565757751464844
2024-03-01,EQTL3.SA,31.26099395751953
2024-03-04,EQTL3.SA,31.131704330444336
2024-03-05,EQTL3.SA,31.159412384033203
2024-03-06,EQTL3.SA,31.16864585876465
2024-03-07,EQTL3.SA,31.113231658935547
2024-03-08,EQTL3.SA,31.03011703491211
2024-03-11,EQTL3.SA,30.799240112304688
2024-03-12,EQTL3.SA,30.799240112304688
2024-03-13,EQTL3.SA,30.2728328704834
2024-03-14,EQTL3.SA,30.429832458496094
2024-03-15,EQTL3.SA,30.891592025756836
2024-03-18,EQTL3.SA,30.79000473022461
2024-03-19,EQTL3.SA,30.85464859008789
2024-03-20,EQTL3.SA,31.270235061645508
2024-03-21,EQTL3.SA,31.381053924560547
2024-03-22,EQTL3.SA,30.863882064819336
2024-03-25,EQTL3.SA,30.69765281677246
2024-03-26,EQTL3.SA,30.346717834472656
2024-03-27,EQTL3.SA,30.328248977661133
2024-03-28,EQTL3.SA,30.0604248046875
2024-04-01,EQTL3.SA,29.52478790283203
2024-04-02,EQTL3.SA,29.78337287902832
2024-04-03,EQTL3.SA,29.829547882080078
2024-04-04,EQTL3.SA,29.903430938720703
2024-04-05,EQTL3.SA,29.450904846191406
2024-04-08,EQTL3.SA,29.709491729736328
2024-04-09,EQTL3.SA,30.198957443237305
2024-04-10,EQTL3.SA,29.552492141723633
2024-04-11,EQTL3.SA,29.386260986328125
2024-04-12,EQTL3.SA,29.220027923583984
2024-04-15,EQTL3.SA,29.081501007080078
2024-04-16,EQTL3.SA,28.933738708496094
2024-04-17,EQTL3.SA,28.758268356323242
2024-04-18,EQTL3.SA,28.684389114379883
2024-04-19,EQTL3.SA,28.767505645751953
2024-04-22,EQTL3.SA,28.85062026977539
2024-04-23,EQTL3.SA,28.998382568359375
2024-04-24,EQTL3.SA,28.86909294128418
2024-04-25,EQTL3.SA,27.508337020874023
2024-04-26,EQTL3.SA,27.846954345703125
2024-04-29,EQTL3.SA,27.62417984008789
2024-04-30,EQTL3.SA,27.25882911682129
2024-05-02,EQTL3.SA,28.319215774536133
2024-05-03,EQTL3.SA,29.641399383544922
2024-05-06,EQTL3.SA,29.26630973815918
2024-05-07,EQTL3.SA,29.54762840270996
2024-05-08,EQTL3.SA,29.472610473632812
2024-05-09,EQTL3.SA,29.003751754760742
2024-05-10,EQTL3.SA,28.69430160522461
2024-05-13,EQTL3.SA,28.64741325378418
2024-05-14,EQTL3.SA,29.181917190551758
2024-05-15,EQTL3.SA,29.58513641357422
2024-05-16,EQTL3.SA,29.341331481933594
2024-05-17,EQTL3.SA,28.825580596923828
2024-05-20,EQTL3.SA,28.666170120239258
2024-05-21,EQTL3.SA,28.68492317199707
2024-05-22,EQTL3.SA,28.08478355407715
2024-05-23,EQTL3.SA,27.803466796875
2024-05-24,EQTL3.SA,28.27232551574707
2024-05-27,EQTL3.SA,28.534889221191406
2024-05-28,EQTL3.SA,28.06602668762207
2024-05-29,EQTL3.SA,27.57840919494629
2024-05-31,EQTL3.SA,27.409622192382812
2024-06-03,EQTL3.SA,27.794086456298828
2024-06-04,EQTL3.SA,27.925369262695312
2024-06-05,EQTL3.SA,28.187931060791016
2024-06-06,EQTL3.SA,28.047273635864258
2024-06-07,EQTL3.SA,27.64405059814453
2024-06-10,EQTL3.SA,27.36273765563965
2024-06-11,EQTL3.SA,27.42837905883789
2024-06-12,EQTL3.SA,27.22208023071289
2024-06-13,EQTL3.SA,27.24083137512207
2024-06-14,EQTL3.SA,27.925369262695312
2024-06-17,EQTL3.SA,27.42837905883789
2024-06-18,EQTL3.SA,27.400243759155273
2024-06-19,EQTL3.SA,27.14706039428711
2024-06-20,EQTL3.SA,27.00640106201172
2024-06-21,EQTL3.SA,27.44713020324707
2024-06-24,EQTL3.SA,27.89723777770996
2024-06-25,EQTL3.SA,27.3908634185791
2024-06-26,EQTL3.SA,27.287717819213867
2024-06-27,EQTL3.SA,29.003751754760742
2024-06-28,EQTL3.SA,28.778697967529297
2024-07-01,EQTL3.SA,30.03524398803711
2024-07-02,EQTL3.SA,29.538249969482422
2024-07-03,EQTL3.SA,30.025867462158203
2024-07-04,EQTL3.SA,30.47597312927246
2024-07-05,EQTL3.SA,30.550992965698242
2024-07-08,EQTL3.SA,30.71040153503418
2024-07-09,EQTL3.SA,31.376184463500977
2024-07-10,EQTL3.SA,31.535600662231445
2024-07-11,EQTL3.SA,31.816917419433594
2024-07-12,EQTL3.SA,32.032596588134766
2024-07-15,EQTL3.SA,31.638751983642578
2024-07-16,EQTL3.SA,31.58248519897461
2024-07-17,EQTL3.SA,31.291790008544922
2024-07-18,EQTL3.SA,30.757287979125977
2024-07-19,EQTL3.SA,30.466596603393555
2024-07-22,EQTL3.SA,31.085493087768555
2024-07-23,EQTL3.SA,30.70102882385254
2024-07-24,EQTL3.SA,30.157146453857422
2024-07-25,EQTL3.SA,30.288427352905273
2024-07-26,EQTL3.SA,30.63538360595703
2024-07-29,EQTL3.SA,30.354068756103516
2024-07-30,EQTL3.SA,30.31656265258789
2024-07-31,EQTL3.SA,30.607254028320312
2024-08-01,EQTL3.SA,30.851062774658203
2024-08-02,EQTL3.SA,31.001100540161133
2024-08-05,EQTL3.SA,30.588499069213867
2024-08-06,EQTL3.SA,30.522857666015625
2024-08-07,EQTL3.SA,31.104244232177734
2024-08-08,EQTL3.SA,31.357431411743164
2024-08-09,EQTL3.SA,32.5014533996582
2024-08-12,EQTL3.SA,29.354944229125977
2024-08-13,EQTL3.SA,29.78037452697754
2024-08-14,EQTL3.SA,33.048736572265625
2024-08-15,EQTL3.SA,32.39633560180664
2024-08-16,EQTL3.SA,32.489540100097656
2024-08-19,EQTL3.SA,33.10465621948242
2024-08-20,EQTL3.SA,33.607940673828125
2024-08-21,EQTL3.SA,33.4204216003418
2024-08-22,EQTL3.SA,32.72650909423828
2024-08-23,EQTL3.SA,33.11096954345703
2024-08-26,EQTL3.SA,32.56708908081055
2024-08-27,EQTL3.SA,32.70775604248047
2024-08-28,EQTL3.SA,32.557716369628906
2024-08-29,EQTL3.SA,32.1357421875
2024-08-30,EQTL3.SA,32.07010269165039
2024-09-02,EQTL3.SA,31.985706329345703
2024-09-03,EQTL3.SA,32.08885192871094
2024-09-04,EQTL3.SA,33.457923889160156
2024-09-05,EQTL3.SA,32.857791900634766
2024-09-06,EQTL3.SA,32.632728576660156
2024-09-09,EQTL3.SA,32.48270034790039
2024-09-10,EQTL3.SA,32.35141372680664
2024-09-11,EQTL3.SA,32.163875579833984
2024-09-12,EQTL3.SA,31.695011138916016
2024-09-13,EQTL3.SA,31.882553100585938
2024-09-16,EQTL3.SA,31.938817977905273
2024-09-17,EQTL3.SA,31.64812469482422
2024-09-18,EQTL3.SA,31.610614776611328
2024-09-19,EQTL3.SA,31.291790008544922
2024-09-20,EQTL3.SA,30.61663246154785
2024-09-23,EQTL3.SA,30.47597312927246
2024-09-24,EQTL3.SA,30.550992965698242
2024-09-25,EQTL3.SA,30.41033363342285
2024-09-26,EQTL3.SA,30.522857666015625
2024-09-27,EQTL3.SA,30.419708251953125
2024-09-30,EQTL3.SA,30.47597312927246
2024-10-01,EQTL3.SA,30.513484954833984
2024-10-02,EQTL3.SA,30.494728088378906
2024-10-03,EQTL3.SA,30.30718421936035
2024-10-04,EQTL3.SA,30.47597312927246
2024-10-07,EQTL3.SA,30.20403289794922
2024-10-08,EQTL3.SA,30.757287979125977
2024-10-09,EQTL3.SA,30.429086685180664
2024-10-10,EQTL3.SA,30.05399513244629
2024-10-11,EQTL3.SA,29.857078552246094
2024-10-14,EQTL3.SA,30.654138565063477
2024-10-15,EQTL3.SA,30.644763946533203
2024-10-16,EQTL3.SA,30.776042938232422
2024-10-17,EQTL3.SA,30.654138565063477
2024-10-18,EQTL3.SA,30.45722007751465
2024-10-21,EQTL3.SA,30.56036949157715
2024-10-22,EQTL3.SA,30.30718421936035
2024-10-23,EQTL3.SA,29.969602584838867
2024-10-24,EQTL3.SA,30.232168197631836
2024-10-25,EQTL3.SA,29.810192108154297
2024-10-28,EQTL3.SA,29.707040786743164
2024-10-29,EQTL3.SA,30.04462242126465
2024-10-30,EQTL3.SA,30.297805786132812
2024-10-31,EQTL3.SA,30.11963653564453
2024-11-01,EQTL3.SA,29.453855514526367
2024-11-04,EQTL3.SA,30.147769927978516
2024-11-05,EQTL3.SA,30.147769927978516
2024-11-06,EQTL3.SA,29.875831604003906
2024-11-07,EQTL3.SA,29.71641731262207
2024-11-08,EQTL3.SA,29.463233947753906
2024-11-11,EQTL3.SA,29.40696907043457
2024-11-12,EQTL3.SA,29.463233947753906
2024-11-13,EQTL3.SA,29.444477081298828
2024-11-14,EQTL3.SA,30.63538360595703
2024-11-18,EQTL3.SA,30.11963653564453
2024-11-19,EQTL3.SA,31.05735969543457
2024-11-21,EQTL3.SA,30.47597312927246
2024-11-22,EQTL3.SA,30.70102882385254
2024-11-25,EQTL3.SA,30.851062774658203
2024-11-26,EQTL3.SA,31.151134490966797
2024-11-27,EQTL3.SA,30.279052734375
2024-11-28,EQTL3.SA,29.088144302368164
2024-11-29,EQTL3.SA,28.703678131103516
2024-12-02,EQTL3.SA,28.24419403076172
2024-12-03,EQTL3.SA,28.009765625
2024-12-04,EQTL3.SA,27.96287727355957
2024-12-05,EQTL3.SA,28.48800277709961
2024-12-06,EQTL3.SA,27.89723777770996
2024-12-09,EQTL3.SA,27.737825393676758
2024-12-10,EQTL3.SA,28.187931060791016
2024-12-11,EQTL3.SA,28.95686149597168
2024-12-12,EQTL3.SA,27.822219848632812
2024-12-13,EQTL3.SA,27.597164154052734
2024-12-16,EQTL3.SA,27.287717819213867
2024-12-17,EQTL3.SA,28.094158172607422
2024-12-18,EQTL3.SA,26.725086212158203
2024-12-19,EQTL3.SA,27.07204246520996
2024-12-20,EQTL3.SA,27.30647087097168
2024-12-23,EQTL3.SA,26.190582275390625
2024-12-26,EQTL3.SA,26.087430953979492
2024-12-27,EQTL3.SA,25.918642044067383
2024-12-30,EQTL3.SA,25.69359016418457
2022-01-03,ITUB4.SA,14.012335777282715
2022-01-04,ITUB4.SA,14.409709930419922
2022-01-05,ITUB4.SA,14.136102676391602
2022-01-06,ITUB4.SA,14.42273998260498
2022-01-07,ITUB4.SA,14.741938591003418
2022-01-10,ITUB4.SA,14.878742218017578
2022-01-11,ITUB4.SA,15.210973739624023
2022-01-12,ITUB4.SA,15.145825386047363
2022-01-13,ITUB4.SA,15.425947189331055
2022-01-14,ITUB4.SA,15.308682441711426
2022-01-17,ITUB4.SA,15.308682441711426
2022-01-18,ITUB4.SA,15.399881362915039
2022-01-19,ITUB4.SA,15.295662879943848
2022-01-20,ITUB4.SA,15.171886444091797
2022-01-21,ITUB4.SA,15.178406715393066
2022-01-24,ITUB4.SA,15.158857345581055
2022-01-25,ITUB4.SA,15.706060409545898
2022-01-26,ITUB4.SA,15.875438690185547
2022-01-27,ITUB4.SA,15.953607559204102
2022-01-28,ITUB4.SA,16.149030685424805
2022-01-31,ITUB4.SA,16.50080680847168
2022-02-01,ITUB4.SA,16.616613388061523
2022-02-02,ITUB4.SA,16.355859756469727
2022-02-03,ITUB4.SA,16.544912338256836
2022-02-04,ITUB4.SA,16.597055435180664
2022-02-07,ITUB4.SA,16.505802154541016
2022-02-08,ITUB4.SA,16.688323974609375
2022-02-09,ITUB4.SA,16.023393630981445
2022-02-10,ITUB4.SA,16.32978630065918
2022-02-11,ITUB4.SA,17.294591903686523
2022-02-14,ITUB4.SA,17.255470275878906
2022-02-15,ITUB4.SA,17.41843605041504
2022-02-16,ITUB4.SA,17.23590850830078
2022-02-17,ITUB4.SA,16.994718551635742
2022-02-18,ITUB4.SA,17.059898376464844
2022-02-21,ITUB4.SA,16.642688751220703
2022-02-22,ITUB4.SA,16.79509162902832
2022-02-23,ITUB4.SA,16.560287475585938
2022-02-24,ITUB4.SA,16.279827117919922
2022-02-25,ITUB4.SA,16.612462997436523
2022-03-02,ITUB4.SA,16.33680534362793
2022-03-03,ITUB4.SA,16.3498592376709
2022-03-04,ITUB4.SA,16.10184097290039
2022-03-07,ITUB4.SA,15.755912780761719
2022-03-08,ITUB4.SA,15.605792045593262
2022-03-09,ITUB4.SA,16.38249397277832
2022-03-10,ITUB4.SA,16.395545959472656
2022-03-11,ITUB4.SA,16.21278953552246
2022-03-14,ITUB4.SA,16.44122886657715
2022-03-15,ITUB4.SA,16.38249397277832
2022-03-16,ITUB4.SA,16.70231056213379
2022-03-17,ITUB4.SA,17.06781768798828
2022-03-18,ITUB4.SA,17.19182777404785
2022-03-21,ITUB4.SA,17.616077423095703
2022-03-22,ITUB4.SA,17.857566833496094
2022-03-23,ITUB4.SA,17.77924346923828
2022-03-24,ITUB4.SA,17.89673614501953
2022-03-25,ITUB4.SA,17.929363250732422
2022-03-28,ITUB4.SA,17.91631507873535
2022-03-29,ITUB4.SA,18.125167846679688
2022-03-30,ITUB4.SA,18.16433334350586
2022-03-31,ITUB4.SA,17.935888290405273
2022-04-01,ITUB4.SA,17.98660659790039
2022-04-04,ITUB4.SA,17.823335647583008
2022-04-05,ITUB4.SA,17.46411895751953
2022-04-06,ITUB4.SA,17.457592010498047
2022-04-07,ITUB4.SA,17.444517135620117
2022-04-08,ITUB4.SA,17.411865234375
2022-04-11,ITUB4.SA,17.346555709838867
2022-04-12,ITUB4.SA,17.03959846496582
2022-04-13,ITUB4.SA,17.085323333740234
2022-04-14,ITUB4.SA,17.19634437561035
2022-04-18,ITUB4.SA,17.2943115234375
2022-04-19,ITUB4.SA,16.987348556518555
2022-04-20,ITUB4.SA,17.0983829498291
2022-04-22,ITUB4.SA,16.765289306640625
2022-04-25,ITUB4.SA,16.699981689453125
2022-04-26,ITUB4.SA,16.131776809692383
2022-04-27,ITUB4.SA,16.00115966796875
2022-04-28,ITUB4.SA,15.87053108215332
2022-04-29,ITUB4.SA,15.58969497680664
2022-05-02,ITUB4.SA,15.522796630859375
2022-05-03,ITUB4.SA,15.601231575012207
2022-05-04,ITUB4.SA,15.58162784576416
2022-05-05,ITUB4.SA,15.222143173217773
2022-05-06,ITUB4.SA,15.548956871032715
2022-05-09,ITUB4.SA,15.326725959777832
2022-05-10,ITUB4.SA,15.24829387664795
2022-05-11,ITUB4.SA,15.758094787597656
2022-05-12,ITUB4.SA,16.006465911865234
2022-05-13,ITUB4.SA,16.195999145507812
2022-05-16,ITUB4.SA,16.365936279296875
2022-05-17,ITUB4.SA,16.509721755981445
2022-05-18,ITUB4.SA,16.274429321289062
2022-05-19,ITUB4.SA,16.222148895263672
2022-05-20,ITUB4.SA,16.42475700378418
2022-05-23,ITUB4.SA,16.84958839416504
2022-05-24,ITUB4.SA,17.104482650756836
2022-05-25,ITUB4.SA,16.79730796813965
2022-05-26,ITUB4.SA,17.00645637512207
2022-05-27,ITUB4.SA,17.097963333129883
2022-05-30,ITUB4.SA,16.941099166870117
2022-05-31,ITUB4.SA,17.097963333129883
2022-06-01,ITUB4.SA,16.860965728759766
2022-06-02,ITUB4.SA,16.932918548583984
2022-06-03,ITUB4.SA,16.77594757080078
2022-06-06,ITUB4.SA,16.717079162597656
2022-06-07,ITUB4.SA,16.717079162597656
2022-06-08,ITUB4.SA,16.396608352661133
2022-06-09,ITUB4.SA,16.1153621673584
2022-06-10,ITUB4.SA,15.762192726135254
2022-06-13,ITUB4.SA,15.572527885437012
2022-06-14,ITUB4.SA,15.467873573303223
2022-06-15,ITUB4.SA,15.533276557922363
2022-06-17,ITUB4.SA,15.337074279785156
2022-06-20,ITUB4.SA,16.004188537597656
2022-06-21,ITUB4.SA,15.834132194519043
2022-06-22,ITUB4.SA,15.716408729553223
2022-06-23,ITUB4.SA,15.356689453125
2022-06-24,ITUB4.SA,15.330533027648926
2022-06-27,ITUB4.SA,15.422082901000977
2022-06-28,ITUB4.SA,15.252044677734375
2022-06-29,ITUB4.SA,15.095078468322754
2022-06-30,ITUB4.SA,14.826923370361328
2022-07-01,ITUB4.SA,14.956293106079102
2022-07-04,ITUB4.SA,14.812299728393555
2022-07-05,ITUB4.SA,14.91701889038086
2022-07-06,ITUB4.SA,14.779565811157227
2022-07-07,ITUB4.SA,14.989020347595215
2022-07-08,ITUB4.SA,14.995573043823242
2022-07-11,ITUB4.SA,14.753389358520508
2022-07-12,ITUB4.SA,14.720660209655762
2022-07-13,ITUB4.SA,14.661752700805664
2022-07-14,ITUB4.SA,14.498115539550781
2022-07-15,ITUB4.SA,14.759932518005371
2022-07-18,ITUB4.SA,14.956293106079102
2022-07-19,ITUB4.SA,15.460289001464844
2022-07-20,ITUB4.SA,15.263928413391113
2022-07-21,ITUB4.SA,15.388294219970703
2022-07-22,ITUB4.SA,15.224662780761719
2022-07-25,ITUB4.SA,15.447200775146484
2022-07-26,ITUB4.SA,15.362115859985352
2022-07-27,ITUB4.SA,15.414472579956055
2022-07-28,ITUB4.SA,15.512657165527344
2022-07-29,ITUB4.SA,15.460289001464844
2022-08-01,ITUB4.SA,15.373600959777832
2022-08-02,ITUB4.SA,15.537361145019531
2022-08-03,ITUB4.SA,15.648714065551758
2022-08-04,ITUB4.SA,16.02863311767578
2022-08-05,ITUB4.SA,16.329946517944336
2022-08-08,ITUB4.SA,16.533002853393555
2022-08-09,ITUB4.SA,16.96532440185547
2022-08-10,ITUB4.SA,17.27975082397461
2022-08-11,ITUB4.SA,17.305944442749023
2022-08-12,ITUB4.SA,17.51555824279785
2022-08-15,ITUB4.SA,17.666208267211914
2022-08-16,ITUB4.SA,17.869272232055664
2022-08-17,ITUB4.SA,17.91512680053711
2022-08-18,ITUB4.SA,17.862720489501953
2022-08-19,ITUB4.SA,17.648412704467773
2022-08-22,ITUB4.SA,17.449674606323242
2022-08-23,ITUB4.SA,17.496042251586914
2022-08-24,ITUB4.SA,17.568918228149414
2022-08-25,ITUB4.SA,17.787532806396484
2022-08-26,ITUB4.SA,17.681543350219727
2022-08-29,ITUB4.SA,17.62191390991211
2022-08-30,ITUB4.SA,17.542421340942383
2022-08-31,ITUB4.SA,17.098552703857422
2022-09-01,ITUB4.SA,17.36216926574707
2022-09-02,ITUB4.SA,17.60082244873047
2022-09-05,ITUB4.SA,17.88588523864746
2022-09-06,ITUB4.SA,17.72015380859375
2022-09-08,ITUB4.SA,17.59419822692871
2022-09-09,ITUB4.SA,17.73340606689453
2022-09-12,ITUB4.SA,17.95218276977539
2022-09-13,ITUB4.SA,17.766557693481445
2022-09-14,ITUB4.SA,17.700260162353516
2022-09-15,ITUB4.SA,17.74666976928711
2022-09-16,ITUB4.SA,17.68700408935547
2022-09-19,ITUB4.SA,18.349937438964844
2022-09-20,ITUB4.SA,18.959836959838867
2022-09-21,ITUB4.SA,18.76095199584961
2022-09-22,ITUB4.SA,19.13882827758789
2022-09-23,ITUB4.SA,18.76095199584961
2022-09-26,ITUB4.SA,18.356565475463867
2022-09-27,ITUB4.SA,18.2504940032959
2022-09-28,ITUB4.SA,18.243865966796875
2022-09-29,ITUB4.SA,18.51567268371582
2022-09-30,ITUB4.SA,18.601852416992188
2022-10-03,ITUB4.SA,19.7346134185791
2022-10-04,ITUB4.SA,19.76778793334961
2022-10-05,ITUB4.SA,19.76778793334961
2022-10-06,ITUB4.SA,19.409578323364258
2022-10-07,ITUB4.SA,19.44938087463379
2022-10-10,ITUB4.SA,19.243743896484375
2022-10-11,ITUB4.SA,19.11107635498047
2022-10-13,ITUB4.SA,18.998300552368164
2022-10-14,ITUB4.SA,19.004928588867188
2022-10-17,ITUB4.SA,19.157503128051758
2022-10-18,ITUB4.SA,19.628488540649414
2022-10-19,ITUB4.SA,19.635116577148438
2022-10-20,ITUB4.SA,19.940258026123047
2022-10-21,ITUB4.SA,20.603605270385742
2022-10-24,ITUB4.SA,19.668285369873047
2022-10-25,ITUB4.SA,19.509082794189453
2022-10-26,ITUB4.SA,19.091171264648438
2022-10-27,ITUB4.SA,19.44274139404297
2022-10-28,ITUB4.SA,19.59531593322754
2022-10-31,ITUB4.SA,20.165794372558594
2022-11-01,ITUB4.SA,20.21733283996582
2022-11-03,ITUB4.SA,20.071317672729492
2022-11-04,ITUB4.SA,20.14432144165039
2022-11-07,ITUB4.SA,19.68634796142578
2022-11-08,ITUB4.SA,19.62660789489746
2022-11-09,ITUB4.SA,18.68412208557129
2022-11-10,ITUB4.SA,18.33233070373535
2022-11-11,ITUB4.SA,17.74161148071289
2022-11-14,ITUB4.SA,17.688508987426758
2022-11-16,ITUB4.SA,17.436288833618164
2022-11-17,ITUB4.SA,17.5424861907959
2022-11-18,ITUB4.SA,17.681867599487305
2022-11-21,ITUB4.SA,17.734962463378906
2022-11-22,ITUB4.SA,17.44292640686035
2022-11-23,ITUB4.SA,17.263708114624023
2022-11-24,ITUB4.SA,17.88099479675293
2022-11-25,ITUB4.SA,17.250436782836914
2022-11-28,ITUB4.SA,16.938491821289062
2022-11-29,ITUB4.SA,17.08451271057129
2022-11-30,ITUB4.SA,17.257081985473633
2022-12-01,ITUB4.SA,17.255523681640625
2022-12-02,ITUB4.SA,17.487979888916016
2022-12-05,ITUB4.SA,16.976564407348633
2022-12-06,ITUB4.SA,17.368432998657227
2022-12-07,ITUB4.SA,17.242238998413086
2022-12-08,ITUB4.SA,16.637826919555664
2022-12-09,ITUB4.SA,16.479461669921875
2022-12-12,ITUB4.SA,16.32366943359375
2022-12-13,ITUB4.SA,15.707292556762695
2022-12-14,ITUB4.SA,15.775026321411133
2022-12-15,ITUB4.SA,15.863085746765137
2022-12-16,ITUB4.SA,16.0391902923584
2022-12-19,ITUB4.SA,16.52008819580078
2022-12-20,ITUB4.SA,16.696199417114258
2022-12-21,ITUB4.SA,16.76392936706543
2022-12-22,ITUB4.SA,16.79779624938965
2022-12-23,ITUB4.SA,17.06195831298828
2022-12-26,ITUB4.SA,16.72329330444336
2022-12-27,ITUB4.SA,16.628467559814453
2022-12-28,ITUB4.SA,16.96712875366211
2022-12-29,ITUB4.SA,16.93326759338379
2023-01-02,ITUB4.SA,16.599546432495117
2023-01-03,ITUB4.SA,16.253864288330078
2023-01-04,ITUB4.SA,16.301301956176758
2023-01-05,ITUB4.SA,16.809659957885742
2023-01-06,ITUB4.SA,17.101125717163086
2023-01-09,ITUB4.SA,17.223134994506836
2023-01-10,ITUB4.SA,17.555253982543945
2023-01-11,ITUB4.SA,17.860279083251953
2023-01-12,ITUB4.SA,17.60948371887207
2023-01-13,ITUB4.SA,17.521364212036133
2023-01-16,ITUB4.SA,17.331579208374023
2023-01-17,ITUB4.SA,17.690811157226562
2023-01-18,ITUB4.SA,18.009397506713867
2023-01-19,ITUB4.SA,18.009397506713867
2023-01-20,ITUB4.SA,17.690811157226562
2023-01-23,ITUB4.SA,17.148569107055664
2023-01-24,ITUB4.SA,17.304460525512695
2023-01-25,ITUB4.SA,17.3654727935791
2023-01-26,ITUB4.SA,17.263795852661133
2023-01-27,ITUB4.SA,16.897783279418945
2023-01-30,ITUB4.SA,16.904563903808594
2023-01-31,ITUB4.SA,17.16891098022461
2023-02-01,ITUB4.SA,16.943477630615234
2023-02-02,ITUB4.SA,17.099477767944336
2023-02-03,ITUB4.SA,17.038436889648438
2023-02-06,ITUB4.SA,17.04522132873535
2023-02-07,ITUB4.SA,16.651817321777344
2023-02-08,ITUB4.SA,18.02872657775879
2023-02-09,ITUB4.SA,17.581064224243164
2023-02-10,ITUB4.SA,17.499671936035156
2023-02-13,ITUB4.SA,18.116905212402344
2023-02-14,ITUB4.SA,17.8930721282959
2023-02-15,ITUB4.SA,18.157609939575195
2023-02-16,ITUB4.SA,18.293264389038086
2023-02-17,ITUB4.SA,18.23221206665039
2023-02-22,ITUB4.SA,17.8930721282959
2023-02-23,ITUB4.SA,17.960905075073242
2023-02-24,ITUB4.SA,17.411489486694336
2023-02-27,ITUB4.SA,17.187660217285156
2023-02-28,ITUB4.SA,17.24871063232422
2023-03-01,ITUB4.SA,16.968826293945312
2023-03-02,ITUB4.SA,16.412240982055664
2023-03-03,ITUB4.SA,16.43260955810547
2023-03-06,ITUB4.SA,16.80592155456543
2023-03-07,ITUB4.SA,16.853437423706055
2023-03-08,ITUB4.SA,17.063844680786133
2023-03-09,ITUB4.SA,16.738046646118164
2023-03-10,ITUB4.SA,16.337587356567383
2023-03-13,ITUB4.SA,16.140745162963867
2023-03-14,ITUB4.SA,16.086441040039062
2023-03-15,ITUB4.SA,16.045717239379883
2023-03-16,ITUB4.SA,16.31043815612793
2023-03-17,ITUB4.SA,15.84209156036377
2023-03-20,ITUB4.SA,15.88282299041748
2023-03-21,ITUB4.SA,16.208616256713867
2023-03-22,ITUB4.SA,16.11359214782715
2023-03-23,ITUB4.SA,15.713129997253418
2023-03-24,ITUB4.SA,15.941055297851562
2023-03-27,ITUB4.SA,16.215660095214844
2023-03-28,ITUB4.SA,16.291181564331055
2023-03-29,ITUB4.SA,16.44908332824707
2023-03-30,ITUB4.SA,16.90218734741211
2023-03-31,ITUB4.SA,16.98457145690918
2023-04-03,ITUB4.SA,16.5089168548584
2023-04-04,ITUB4.SA,16.838682174682617
2023-04-05,ITUB4.SA,16.8249454498291
2023-04-06,ITUB4.SA,16.769983291625977
2023-04-10,ITUB4.SA,16.948598861694336
2023-04-11,ITUB4.SA,17.498210906982422
2023-04-12,ITUB4.SA,17.61500358581543
2023-04-13,ITUB4.SA,17.61500358581543
2023-04-14,ITUB4.SA,17.86919403076172
2023-04-17,ITUB4.SA,17.834854125976562
2023-04-18,ITUB4.SA,17.821115493774414
2023-04-19,ITUB4.SA,17.5394287109375
2023-04-20,ITUB4.SA,17.587528228759766
2023-04-24,ITUB4.SA,17.429508209228516
2023-04-25,ITUB4.SA,17.587528228759766
2023-04-26,ITUB4.SA,17.40889549255371
2023-04-27,ITUB4.SA,17.718063354492188
2023-04-28,ITUB4.SA,17.807371139526367
2023-05-02,ITUB4.SA,17.118274688720703
2023-05-03,ITUB4.SA,17.090770721435547
2023-05-04,ITUB4.SA,17.228269577026367
2023-05-05,ITUB4.SA,17.86762046813965
2023-05-08,ITUB4.SA,18.115121841430664
2023-05-09,ITUB4.SA,18.225116729736328
2023-05-10,ITUB4.SA,18.49323844909668
2023-05-11,ITUB4.SA,18.671974182128906
2023-05-12,ITUB4.SA,18.500110626220703
2023-05-15,ITUB4.SA,18.56886100769043
2023-05-16,ITUB4.SA,18.506982803344727
2023-05-17,ITUB4.SA,18.692609786987305
2023-05-18,ITUB4.SA,18.623859405517578
2023-05-19,ITUB4.SA,18.47260856628418
2023-05-22,ITUB4.SA,18.12199592590332
2023-05-23,ITUB4.SA,18.266366958618164
2023-05-24,ITUB4.SA,18.163240432739258
2023-05-25,ITUB4.SA,18.733858108520508
2023-05-26,ITUB4.SA,18.5894832611084
2023-05-29,ITUB4.SA,18.506982803344727
2023-05-30,ITUB4.SA,18.245742797851562
2023-05-31,ITUB4.SA,18.10136604309082
2023-06-01,ITUB4.SA,18.368053436279297
2023-06-02,ITUB4.SA,18.636350631713867
2023-06-05,ITUB4.SA,18.6776180267334
2023-06-06,ITUB4.SA,18.80833625793457
2023-06-07,ITUB4.SA,18.863370895385742
2023-06-09,ITUB4.SA,19.124780654907227
2023-06-12,ITUB4.SA,18.918407440185547
2023-06-13,ITUB4.SA,19.13166046142578
2023-06-14,ITUB4.SA,19.393089294433594
2023-06-15,ITUB4.SA,19.647626876831055
2023-06-16,ITUB4.SA,19.709535598754883
2023-06-19,ITUB4.SA,19.97783088684082
2023-06-20,ITUB4.SA,19.968326568603516
2023-06-21,ITUB4.SA,20.16272735595703
2023-06-22,ITUB4.SA,19.968326568603516
2023-06-23,ITUB4.SA,19.905839920043945
2023-06-26,ITUB4.SA,19.878067016601562
2023-06-27,ITUB4.SA,19.655879974365234
2023-06-28,ITUB4.SA,19.544801712036133
2023-06-29,ITUB4.SA,19.780860900878906
2023-06-30,ITUB4.SA,19.732261657714844
2023-07-03,ITUB4.SA,20.11968421936035
2023-07-04,ITUB4.SA,19.9946346282959
2023-07-05,ITUB4.SA,20.168319702148438
2023-07-06,ITUB4.SA,19.86957359313965
2023-07-07,ITUB4.SA,20.244733810424805
2023-07-10,ITUB4.SA,20.112730026245117
2023-07-11,ITUB4.SA,19.75841522216797
2023-07-12,ITUB4.SA,19.640310287475586
2023-07-13,ITUB4.SA,19.855676651000977
2023-07-14,ITUB4.SA,19.647254943847656
2023-07-17,ITUB4.SA,20.029359817504883
2023-07-18,ITUB4.SA,19.640310287475586
2023-07-19,ITUB4.SA,19.431888580322266
2023-07-20,ITUB4.SA,19.79315185546875
2023-07-21,ITUB4.SA,20.1474666595459
2023-07-24,ITUB4.SA,19.82788848876953
2023-07-25,ITUB4.SA,19.86957359313965
2023-07-26,ITUB4.SA,19.980735778808594
2023-07-27,ITUB4.SA,19.536090850830078
2023-07-28,ITUB4.SA,19.82788848876953
2023-07-31,ITUB4.SA,19.89735984802246
2023-08-01,ITUB4.SA,19.958295822143555
2023-08-02,ITUB4.SA,19.895729064941406
2023-08-03,ITUB4.SA,19.74279022216797
2023-08-04,ITUB4.SA,19.381305694580078
2023-08-07,ITUB4.SA,19.228364944458008
2023-08-08,ITUB4.SA,19.1866512298584
2023-08-09,ITUB4.SA,19.117143630981445
2023-08-10,ITUB4.SA,19.179704666137695
2023-08-11,ITUB4.SA,19.214460372924805
2023-08-14,ITUB4.SA,18.93639373779297
2023-08-15,ITUB4.SA,18.83211898803711
2023-08-16,ITUB4.SA,18.818214416503906
2023-08-17,ITUB4.SA,18.595754623413086
2023-08-18,ITUB4.SA,18.741743087768555
2023-08-21,ITUB4.SA,18.66527557373047
2023-08-22,ITUB4.SA,18.957250595092773
2023-08-23,ITUB4.SA,19.193605422973633
2023-08-24,ITUB4.SA,18.97115707397461
2023-08-25,ITUB4.SA,18.672229766845703
2023-08-28,ITUB4.SA,19.304834365844727
2023-08-29,ITUB4.SA,19.610708236694336
2023-08-30,ITUB4.SA,19.235313415527344
2023-08-31,ITUB4.SA,19.068479537963867
2023-09-01,ITUB4.SA,19.233793258666992
2023-09-04,ITUB4.SA,19.059885025024414
2023-09-05,ITUB4.SA,18.774682998657227
2023-09-06,ITUB4.SA,18.59382438659668
2023-09-08,ITUB4.SA,18.62164878845215
2023-09-11,ITUB4.SA,19.09467315673828
2023-09-12,ITUB4.SA,19.205965042114258
2023-09-13,ITUB4.SA,19.3033504486084
2023-09-14,ITUB4.SA,19.22683334350586
2023-09-15,ITUB4.SA,19.185100555419922
2023-09-18,ITUB4.SA,19.136404037475586
2023-09-19,ITUB4.SA,19.0797119140625
2023-09-20,ITUB4.SA,19.40285873413086
2023-09-21,ITUB4.SA,18.960289001464844
2023-09-22,ITUB4.SA,18.911115646362305
2023-09-25,ITUB4.SA,18.967317581176758
2023-09-26,ITUB4.SA,18.686311721801758
2023-09-27,ITUB4.SA,18.651195526123047
2023-09-28,ITUB4.SA,19.142932891845703
2023-09-29,ITUB4.SA,19.114835739135742
2023-10-02,ITUB4.SA,18.93745231628418
2023-10-03,ITUB4.SA,18.698448181152344
2023-10-04,ITUB4.SA,19.127246856689453
2023-10-05,ITUB4.SA,19.42951202392578
2023-10-06,ITUB4.SA,19.612281799316406
2023-10-09,ITUB4.SA,19.443571090698242
2023-10-10,ITUB4.SA,19.4224853515625
2023-10-11,ITUB4.SA,19.668514251708984
2023-10-13,ITUB4.SA,19.46466064453125
2023-10-16,ITUB4.SA,19.492778778076172
2023-10-17,ITUB4.SA,19.204574584960938
2023-10-18,ITUB4.SA,18.803884506225586
2023-10-19,ITUB4.SA,19.021799087524414
2023-10-20,ITUB4.SA,18.95150375366211
2023-10-23,ITUB4.SA,18.972597122192383
2023-10-24,ITUB4.SA,18.972597122192383
2023-10-25,ITUB4.SA,19.00774383544922
2023-10-26,ITUB4.SA,19.478717803955078
2023-10-27,ITUB4.SA,19.190513610839844
2023-10-30,ITUB4.SA,19.035865783691406
2023-10-31,ITUB4.SA,18.853092193603516
2023-11-01,ITUB4.SA,19.118738174438477
2023-11-03,ITUB4.SA,19.646303176879883
2023-11-06,ITUB4.SA,19.829185485839844
2023-11-07,ITUB4.SA,20.384883880615234
2023-11-08,ITUB4.SA,20.476322174072266
2023-11-09,ITUB4.SA,20.567764282226562
2023-11-10,ITUB4.SA,20.813961029052734
2023-11-13,ITUB4.SA,20.67328643798828
2023-11-14,ITUB4.SA,20.98278045654297
2023-11-16,ITUB4.SA,21.32042121887207
2023-11-17,ITUB4.SA,21.418893814086914
2023-11-20,ITUB4.SA,21.62991714477539
2023-11-21,ITUB4.SA,21.594749450683594
2023-11-22,ITUB4.SA,21.7283992767334
2023-11-23,ITUB4.SA,21.70026206970215
2023-11-24,ITUB4.SA,21.580678939819336
2023-11-27,ITUB4.SA,21.524410247802734
2023-11-28,ITUB4.SA,21.735429763793945
2023-11-29,ITUB4.SA,21.883148193359375
2023-11-30,ITUB4.SA,22.220779418945312
2023-12-01,ITUB4.SA,22.169864654541016
2023-12-04,ITUB4.SA,22.198017120361328
2023-12-05,ITUB4.SA,22.38100814819336
2023-12-06,ITUB4.SA,22.18393898010254
2023-12-07,ITUB4.SA,22.430255889892578
2023-12-08,ITUB4.SA,22.714004516601562
2023-12-11,ITUB4.SA,22.55794906616211
2023-12-12,ITUB4.SA,22.444448471069336
2023-12-13,ITUB4.SA,23.125446319580078
2023-12-14,ITUB4.SA,23.316974639892578
2023-12-15,ITUB4.SA,23.2176570892334
2023-12-18,ITUB4.SA,23.331161499023438
2023-12-19,ITUB4.SA,23.345352172851562
2023-12-20,ITUB4.SA,23.104169845581055
2023-12-21,ITUB4.SA,23.260229110717773
2023-12-22,ITUB4.SA,23.629093170166016
2023-12-26,ITUB4.SA,23.870285034179688
2023-12-27,ITUB4.SA,24.033437728881836
2023-12-28,ITUB4.SA,24.097278594970703
2024-01-02,ITUB4.SA,23.79043197631836
2024-01-03,ITUB4.SA,23.5278263092041
2024-01-04,ITUB4.SA,23.371679306030273
2024-01-05,ITUB4.SA,23.918184280395508
2024-01-08,ITUB4.SA,23.662668228149414
2024-01-09,ITUB4.SA,23.648483276367188
2024-01-10,ITUB4.SA,23.627185821533203
2024-01-11,ITUB4.SA,23.66976547241211
2024-01-12,ITUB4.SA,23.698163986206055
2024-01-15,ITUB4.SA,23.74074935913086
2024-01-16,ITUB4.SA,23.40717315673828
2024-01-17,ITUB4.SA,23.42136001586914
2024-01-18,ITUB4.SA,23.32200050354004
2024-01-19,ITUB4.SA,23.37877655029297
2024-01-22,ITUB4.SA,22.995515823364258
2024-01-23,ITUB4.SA,23.101978302001953
2024-01-24,ITUB4.SA,22.995515823364258
2024-01-25,ITUB4.SA,22.945838928222656
2024-01-26,ITUB4.SA,23.28651237487793
2024-01-29,ITUB4.SA,23.165863037109375
2024-01-30,ITUB4.SA,23.01681900024414
2024-01-31,ITUB4.SA,23.26521873474121
2024-02-01,ITUB4.SA,23.213842391967773
2024-02-02,ITUB4.SA,23.249345779418945
2024-02-05,ITUB4.SA,23.68961524963379
2024-02-06,ITUB4.SA,24.705095291137695
2024-02-07,ITUB4.SA,24.52756690979004
2024-02-08,ITUB4.SA,24.0446834564209
2024-02-09,ITUB4.SA,24.350034713745117
2024-02-14,ITUB4.SA,24.350034713745117
2024-02-15,ITUB4.SA,24.555971145629883
2024-02-16,ITUB4.SA,24.52756690979004
2024-02-19,ITUB4.SA,24.797414779663086
2024-02-20,ITUB4.SA,25.33710289001465
2024-02-21,ITUB4.SA,25.19508171081543
2024-02-22,ITUB4.SA,25.052162170410156
2024-02-23,ITUB4.SA,25.12550163269043
2024-02-26,ITUB4.SA,25.198837280273438
2024-02-27,ITUB4.SA,25.506860733032227
2024-02-28,ITUB4.SA,25.521516799926758
2024-02-29,ITUB4.SA,24.89082145690918
2024-03-01,ITUB4.SA,24.99915885925293
2024-03-04,ITUB4.SA,24.80837631225586
2024-03-05,ITUB4.SA,24.786367416381836
2024-03-06,ITUB4.SA,25.057861328125
2024-03-07,ITUB4.SA,24.793704986572266
2024-03-08,ITUB4.SA,25.021175384521484
2024-03-11,ITUB4.SA,25.145912170410156
2024-03-12,ITUB4.SA,25.248640060424805
2024-03-13,ITUB4.SA,25.498109817504883
2024-03-14,ITUB4.SA,25.483448028564453
2024-03-15,ITUB4.SA,25.34402847290039
2024-03-18,ITUB4.SA,25.446746826171875
2024-03-19,ITUB4.SA,25.483448028564453
2024-03-20,ITUB4.SA,25.534793853759766
2024-03-21,ITUB4.SA,25.270645141601562
2024-03-22,ITUB4.SA,24.917285919189453
2024-03-25,ITUB4.SA,24.917285919189453
2024-03-26,ITUB4.SA,25.41238021850586
2024-03-27,ITUB4.SA,25.55277442932129
2024-03-28,ITUB4.SA,25.597116470336914
2024-04-01,ITUB4.SA,24.72297477722168
2024-04-02,ITUB4.SA,24.752546310424805
2024-04-03,ITUB4.SA,24.567716598510742
2024-04-04,ITUB4.SA,24.24241828918457
2024-04-05,ITUB4.SA,24.19805335998535
2024-04-08,ITUB4.SA,24.56032371520996
2024-04-09,ITUB4.SA,24.819087982177734
2024-04-10,ITUB4.SA,24.294164657592773
2024-04-11,ITUB4.SA,24.24980354309082
2024-04-12,ITUB4.SA,23.998441696166992
2024-04-15,ITUB4.SA,23.591814041137695
2024-04-16,ITUB4.SA,23.41437339782715
2024-04-17,ITUB4.SA,23.429162979125977
2024-04-18,ITUB4.SA,23.458728790283203
2024-04-19,ITUB4.SA,23.325653076171875
2024-04-22,ITUB4.SA,23.31086540222168
2024-04-23,ITUB4.SA,23.658349990844727
2024-04-24,ITUB4.SA,23.554845809936523
2024-04-25,ITUB4.SA,23.421764373779297
2024-04-26,ITUB4.SA,23.81360626220703
2024-04-29,ITUB4.SA,23.628772735595703
2024-04-30,ITUB4.SA,23.1851806640625
2024-05-02,ITUB4.SA,23.52372169494629
2024-05-03,ITUB4.SA,23.81961441040039
2024-05-06,ITUB4.SA,23.967565536499023
2024-05-07,ITUB4.SA,24.463193893432617
2024-05-08,ITUB4.SA,24.618539810180664
2024-05-09,ITUB4.SA,23.878795623779297
2024-05-10,ITUB4.SA,24.15250587463379
2024-05-13,ITUB4.SA,24.448400497436523
2024-05-14,ITUB4.SA,24.714702606201172
2024-05-15,ITUB4.SA,24.64813232421875
2024-05-16,ITUB4.SA,24.574155807495117
2024-05-17,ITUB4.SA,24.581552505493164
2024-05-20,ITUB4.SA,24.507579803466797
2024-05-21,ITUB4.SA,24.381824493408203
2024-05-22,ITUB4.SA,24.004558563232422
2024-05-23,ITUB4.SA,23.79003143310547
2024-05-24,ITUB4.SA,23.56070899963379
2024-05-27,ITUB4.SA,23.479339599609375
2024-05-28,ITUB4.SA,23.35358238220215
2024-05-29,ITUB4.SA,23.19084358215332
2024-05-31,ITUB4.SA,22.954118728637695
2024-06-03,ITUB4.SA,23.27805519104004
2024-06-04,ITUB4.SA,23.359474182128906
2024-06-05,ITUB4.SA,23.3150634765625
2024-06-06,ITUB4.SA,23.61112403869629
2024-06-07,ITUB4.SA,23.27805519104004
2024-06-10,ITUB4.SA,23.093015670776367
2024-06-11,ITUB4.SA,23.352069854736328
2024-06-12,ITUB4.SA,23.3150634765625
2024-06-13,ITUB4.SA,23.07081413269043
2024-06-14,ITUB4.SA,23.048599243164062
2024-06-17,ITUB4.SA,23.61112403869629
2024-06-18,ITUB4.SA,23.596324920654297
2024-06-19,ITUB4.SA,23.78136444091797
2024-06-20,ITUB4.SA,23.618526458740234
2024-06-21,ITUB4.SA,23.783403396606445
2024-06-24,ITUB4.SA,24.126577377319336
2024-06-25,ITUB4.SA,24.201175689697266
2024-06-26,ITUB4.SA,24.156414031982422
2024-06-27,ITUB4.SA,24.201175689697266
2024-06-28,ITUB4.SA,24.178800582885742
2024-07-01,ITUB4.SA,24.065074920654297
2024-07-02,ITUB4.SA,24.378585815429688
2024-07-03,ITUB4.SA,24.52786636352539
2024-07-04,ITUB4.SA,24.565195083618164
2024-07-05,ITUB4.SA,24.58012580871582
2024-07-08,ITUB4.SA,24.53533935546875
2024-07-09,ITUB4.SA,24.707014083862305
2024-07-10,ITUB4.SA,24.968273162841797
2024-07-11,ITUB4.SA,25.117549896240234
2024-07-12,ITUB4.SA,24.97573471069336
2024-07-15,ITUB4.SA,25.072765350341797
2024-07-16,ITUB4.SA,25.22205924987793
2024-07-17,ITUB4.SA,25.49823570251465
2024-07-18,ITUB4.SA,25.378803253173828
2024-07-19,ITUB4.SA,25.572877883911133
2024-07-22,ITUB4.SA,25.557950973510742
2024-07-23,ITUB4.SA,25.520627975463867
2024-07-24,ITUB4.SA,25.483312606811523
2024-07-25,ITUB4.SA,25.371339797973633
2024-07-26,ITUB4.SA,25.557950973510742
2024-07-29,ITUB4.SA,25.744556427001953
2024-07-30,ITUB4.SA,25.647523880004883
2024-07-31,ITUB4.SA,25.28923797607422
2024-08-01,ITUB4.SA,24.92152976989746
2024-08-02,ITUB4.SA,24.60787010192871
2024-08-05,ITUB4.SA,24.60787010192871
2024-08-06,ITUB4.SA,25.153047561645508
2024-08-07,ITUB4.SA,25.220264434814453
2024-08-08,ITUB4.SA,25.130643844604492
2024-08-09,ITUB4.SA,25.810256958007812
2024-08-12,ITUB4.SA,25.847597122192383
2024-08-13,ITUB4.SA,26.579483032226562
2024-08-14,ITUB4.SA,27.23668670654297
2024-08-15,ITUB4.SA,27.669851303100586
2024-08-16,ITUB4.SA,27.438335418701172
2024-08-19,ITUB4.SA,27.60264015197754
2024-08-20,ITUB4.SA,27.804279327392578
2024-08-21,ITUB4.SA,27.692256927490234
2024-08-22,ITUB4.SA,27.438335418701172
2024-08-23,ITUB4.SA,27.229217529296875
2024-08-26,ITUB4.SA,27.288969039916992
2024-08-27,ITUB4.SA,27.31884002685547
2024-08-28,ITUB4.SA,27.90883445739746
2024-08-29,ITUB4.SA,27.60264015197754
2024-08-30,ITUB4.SA,27.40846061706543
2024-09-02,ITUB4.SA,27.190019607543945
2024-09-03,ITUB4.SA,27.630863189697266
2024-09-04,ITUB4.SA,27.82512664794922
2024-09-05,ITUB4.SA,28.00445556640625
2024-09-06,ITUB4.SA,27.608448028564453
2024-09-09,ITUB4.SA,27.87742805480957
2024-09-10,ITUB4.SA,27.87742805480957
2024-09-11,ITUB4.SA,27.92973518371582
2024-09-12,ITUB4.SA,27.623388290405273
2024-09-13,ITUB4.SA,27.653270721435547
2024-09-16,ITUB4.SA,27.645795822143555
2024-09-17,ITUB4.SA,27.57855796813965
2024-09-18,ITUB4.SA,27.421648025512695
2024-09-19,ITUB4.SA,27.346933364868164
2024-09-20,ITUB4.SA,27.04805564880371
2024-09-23,ITUB4.SA,26.88996696472168
2024-09-24,ITUB4.SA,26.882436752319336
2024-09-25,ITUB4.SA,27.221200942993164
2024-09-26,ITUB4.SA,27.567485809326172
2024-09-27,ITUB4.SA,27.672882080078125
2024-09-30,ITUB4.SA,27.183557510375977
2024-10-01,ITUB4.SA,26.737417221069336
2024-10-02,ITUB4.SA,26.903118133544922
2024-10-03,ITUB4.SA,26.240331649780273
2024-10-04,ITUB4.SA,26.293046951293945
2024-10-07,ITUB4.SA,26.466278076171875
2024-10-08,ITUB4.SA,26.624441146850586
2024-10-09,ITUB4.SA,26.134885787963867
2024-10-10,ITUB4.SA,26.277990341186523
2024-10-11,ITUB4.SA,26.08216667175293
2024-10-14,ITUB4.SA,26.24786376953125
2024-10-15,ITUB4.SA,26.549129486083984
2024-10-16,ITUB4.SA,26.39096450805664
2024-10-17,ITUB4.SA,26.44368553161621
2024-10-18,ITUB4.SA,26.571720123291016
2024-10-21,ITUB4.SA,26.43614959716797
2024-10-22,ITUB4.SA,26.481340408325195
2024-10-23,ITUB4.SA,26.647035598754883
2024-10-24,ITUB4.SA,26.888051986694336
2024-10-25,ITUB4.SA,26.586782455444336
2024-10-28,ITUB4.SA,26.9106502532959
2024-10-29,ITUB4.SA,26.624441146850586
2024-10-30,ITUB4.SA,26.549129486083984
2024-10-31,ITUB4.SA,26.375904083251953
2024-11-01,ITUB4.SA,26.230958938598633
2024-11-04,ITUB4.SA,26.585124969482422
2024-11-05,ITUB4.SA,27.383878707885742
2024-11-06,ITUB4.SA,27.255781173706055
2024-11-07,ITUB4.SA,26.856401443481445
2024-11-08,ITUB4.SA,26.43441390991211
2024-11-11,ITUB4.SA,26.464555740356445
2024-11-12,ITUB4.SA,26.148069381713867
2024-11-13,ITUB4.SA,26.012428283691406
2024-11-14,ITUB4.SA,25.93706703186035
2024-11-18,ITUB4.SA,25.846649169921875
2024-11-19,ITUB4.SA,26.080244064331055
2024-11-21,ITUB4.SA,25.62811851501465
2024-11-22,ITUB4.SA,25.703472137451172
2024-11-25,ITUB4.SA,25.695938110351562
2024-11-26,ITUB4.SA,26.18574333190918
2024-11-27,ITUB4.SA,25.54523277282715
2024-11-28,ITUB4.SA,24.62590217590332
2024-11-29,ITUB4.SA,24.565622329711914
2024-12-02,ITUB4.SA,24.21702766418457
2024-12-03,ITUB4.SA,24.488447189331055
2024-12-04,ITUB4.SA,24.639240264892578
2024-12-05,ITUB4.SA,25.16700553894043
2024-12-06,ITUB4.SA,24.65431785583496
2024-12-09,ITUB4.SA,24.774951934814453
2024-12-10,ITUB4.SA,25.11028289794922
2024-12-11,ITUB4.SA,25.35385513305664
2024-12-12,ITUB4.SA,24.722097396850586
2024-12-13,ITUB4.SA,24.402416229248047
2024-12-16,ITUB4.SA,24.13601303100586
2024-12-17,ITUB4.SA,24.26541519165039
2024-12-18,ITUB4.SA,23.572765350341797
2024-12-19,ITUB4.SA,23.702163696289062
2024-12-20,ITUB4.SA,23.97617530822754
2024-12-23,ITUB4.SA,23.511871337890625
2024-12-26,ITUB4.SA,23.664093017578125
2024-12-27,ITUB4.SA,23.428142547607422
2024-12-30,ITUB4.SA,23.390087127685547
2022-01-03,KLBN11.SA,17.308246612548828
2022-01-04,KLBN11.SA,17.63213539123535
2022-01-05,KLBN11.SA,17.301494598388672
2022-01-06,KLBN11.SA,17.314990997314453
2022-01-07,KLBN11.SA,17.02483558654785
2022-01-10,KLBN11.SA,16.889873504638672
2022-01-11,KLBN11.SA,16.85613441467285
2022-01-12,KLBN11.SA,17.26776123046875
2022-01-13,KLBN11.SA,17.173290252685547
2022-01-14,KLBN11.SA,17.065319061279297
2022-01-17,KLBN11.SA,16.49175262451172
2022-01-18,KLBN11.SA,16.95060920715332
2022-01-19,KLBN11.SA,17.348731994628906
2022-01-20,KLBN11.SA,17.234020233154297
2022-01-21,KLBN11.SA,16.761669158935547
2022-01-24,KLBN11.SA,16.35004234313965
2022-01-25,KLBN11.SA,16.174602508544922
2022-01-26,KLBN11.SA,16.228586196899414
2022-01-27,KLBN11.SA,16.5794734954834
2022-01-28,KLBN11.SA,16.93036460876465
2022-01-31,KLBN11.SA,16.916868209838867
2022-02-01,KLBN11.SA,16.626708984375
2022-02-02,KLBN11.SA,16.592973709106445
2022-02-03,KLBN11.SA,16.795408248901367
2022-02-04,KLBN11.SA,17.119304656982422
2022-02-07,KLBN11.SA,16.8696346282959
2022-02-08,KLBN11.SA,17.01808738708496
2022-02-09,KLBN11.SA,16.822399139404297
2022-02-10,KLBN11.SA,16.646953582763672
2022-02-11,KLBN11.SA,16.12736701965332
2022-02-14,KLBN11.SA,16.147615432739258
2022-02-15,KLBN11.SA,15.70482063293457
2022-02-16,KLBN11.SA,15.643206596374512
2022-02-17,KLBN11.SA,15.917044639587402
2022-02-18,KLBN11.SA,15.978665351867676
2022-02-21,KLBN11.SA,15.930737495422363
2022-02-22,KLBN11.SA,16.12242889404297
2022-02-23,KLBN11.SA,15.49943733215332
2022-02-24,KLBN11.SA,15.629510879516602
2022-02-25,KLBN11.SA,15.656895637512207
2022-03-02,KLBN11.SA,15.848587036132812
2022-03-03,KLBN11.SA,15.77328109741211
2022-03-04,KLBN11.SA,16.512653350830078
2022-03-07,KLBN11.SA,16.7111873626709
2022-03-08,KLBN11.SA,16.95079803466797
2022-03-09,KLBN11.SA,17.01926040649414
2022-03-10,KLBN11.SA,17.32733154296875
2022-03-11,KLBN11.SA,17.436866760253906
2022-03-14,KLBN11.SA,17.341020584106445
2022-03-15,KLBN11.SA,16.889184951782227
2022-03-16,KLBN11.SA,17.252025604248047
2022-03-17,KLBN11.SA,17.71755599975586
2022-03-18,KLBN11.SA,18.011938095092773
2022-03-21,KLBN11.SA,17.649099349975586
2022-03-22,KLBN11.SA,17.998245239257812
2022-03-23,KLBN11.SA,17.8681697845459
2022-03-24,KLBN11.SA,18.210472106933594
2022-03-25,KLBN11.SA,17.09457015991211
2022-03-28,KLBN11.SA,17.108261108398438
2022-03-29,KLBN11.SA,16.923418045043945
2022-03-30,KLBN11.SA,16.848112106323242
2022-03-31,KLBN11.SA,16.512653350830078
2022-04-01,KLBN11.SA,16.245656967163086
2022-04-04,KLBN11.SA,16.12242889404297
2022-04-05,KLBN11.SA,15.917044639587402
2022-04-06,KLBN11.SA,16.136119842529297
2022-04-07,KLBN11.SA,15.869119644165039
2022-04-08,KLBN11.SA,15.930737495422363
2022-04-11,KLBN11.SA,15.81435775756836
2022-04-12,KLBN11.SA,15.718512535095215
2022-04-13,KLBN11.SA,15.670591354370117
2022-04-14,KLBN11.SA,15.60212516784668
2022-04-18,KLBN11.SA,15.273519515991211
2022-04-19,KLBN11.SA,15.376204490661621
2022-04-20,KLBN11.SA,15.191365242004395
2022-04-22,KLBN11.SA,15.15713119506836
2022-04-25,KLBN11.SA,15.170830726623535
2022-04-26,KLBN11.SA,14.718989372253418
2022-04-27,KLBN11.SA,14.643685340881348
2022-04-28,KLBN11.SA,14.534148216247559
2022-04-29,KLBN11.SA,14.198689460754395
2022-05-02,KLBN11.SA,14.349303245544434
2022-05-03,KLBN11.SA,14.52729606628418
2022-05-04,KLBN11.SA,15.22559928894043
2022-05-05,KLBN11.SA,15.403590202331543
2022-05-06,KLBN11.SA,15.314597129821777
2022-05-09,KLBN11.SA,14.977423667907715
2022-05-10,KLBN11.SA,14.581637382507324
2022-05-11,KLBN11.SA,14.692734718322754
2022-05-12,KLBN11.SA,14.51220417022705
2022-05-13,KLBN11.SA,15.387099266052246
2022-05-16,KLBN11.SA,15.157958984375
2022-05-17,KLBN11.SA,15.46347713470459
2022-05-18,KLBN11.SA,15.27599811553955
2022-05-19,KLBN11.SA,15.102412223815918
2022-05-20,KLBN11.SA,15.151015281677246
2022-05-23,KLBN11.SA,15.435705184936523
2022-05-24,KLBN11.SA,15.338492393493652
2022-05-25,KLBN11.SA,14.99825668334961
2022-05-26,KLBN11.SA,15.394043922424316
2022-05-27,KLBN11.SA,15.414875030517578
2022-05-30,KLBN11.SA,15.3662691116333
2022-05-31,KLBN11.SA,15.46347713470459
2022-06-01,KLBN11.SA,15.755112648010254
2022-06-02,KLBN11.SA,15.796772956848145
2022-06-03,KLBN11.SA,15.414875030517578
2022-06-06,KLBN11.SA,15.442648887634277
2022-06-07,KLBN11.SA,15.435705184936523
2022-06-08,KLBN11.SA,15.234335899353027
2022-06-09,KLBN11.SA,15.1301851272583
2022-06-10,KLBN11.SA,14.831607818603516
2022-06-13,KLBN11.SA,14.817717552185059
2022-06-14,KLBN11.SA,14.52608585357666
2022-06-15,KLBN11.SA,14.338610649108887
2022-06-17,KLBN11.SA,14.13724422454834
2022-06-20,KLBN11.SA,14.02614688873291
2022-06-21,KLBN11.SA,13.956707954406738
2022-06-22,KLBN11.SA,13.901161193847656
2022-06-23,KLBN11.SA,13.553979873657227
2022-06-24,KLBN11.SA,13.748401641845703
2022-06-27,KLBN11.SA,13.991425514221191
2022-06-28,KLBN11.SA,14.060866355895996
2022-06-29,KLBN11.SA,13.998368263244629
2022-06-30,KLBN11.SA,14.02614688873291
2022-07-01,KLBN11.SA,14.019200325012207
2022-07-04,KLBN11.SA,14.019200325012207
2022-07-05,KLBN11.SA,13.748401641845703
2022-07-06,KLBN11.SA,13.894217491149902
2022-07-07,KLBN11.SA,13.81783676147461
2022-07-08,KLBN11.SA,13.685906410217285
2022-07-11,KLBN11.SA,13.547036170959473
2022-07-12,KLBN11.SA,13.62341594696045
2022-07-13,KLBN11.SA,13.220684051513672
2022-07-14,KLBN11.SA,13.047094345092773
2022-07-15,KLBN11.SA,12.845727920532227
2022-07-18,KLBN11.SA,12.790177345275879
2022-07-19,KLBN11.SA,13.054036140441895
2022-07-20,KLBN11.SA,13.241515159606934
2022-07-21,KLBN11.SA,12.817954063415527
2022-07-22,KLBN11.SA,13.12347412109375
2022-07-25,KLBN11.SA,12.790177345275879
2022-07-26,KLBN11.SA,12.811010360717773
2022-07-27,KLBN11.SA,13.51231575012207
2022-07-28,KLBN11.SA,13.352609634399414
2022-07-29,KLBN11.SA,13.838665962219238
2022-08-01,KLBN11.SA,13.727571487426758
2022-08-02,KLBN11.SA,13.793059349060059
2022-08-03,KLBN11.SA,13.722322463989258
2022-08-04,KLBN11.SA,13.722322463989258
2022-08-05,KLBN11.SA,13.863790512084961
2022-08-08,KLBN11.SA,13.984038352966309
2022-08-09,KLBN11.SA,13.991114616394043
2022-08-10,KLBN11.SA,13.948674201965332
2022-08-11,KLBN11.SA,13.97696590423584
2022-08-12,KLBN11.SA,14.35185432434082
2022-08-15,KLBN11.SA,13.991114616394043
2022-08-16,KLBN11.SA,14.358927726745605
2022-08-17,KLBN11.SA,14.663084030151367
2022-08-18,KLBN11.SA,14.670157432556152
2022-08-19,KLBN11.SA,14.63478946685791
2022-08-22,KLBN11.SA,14.330634117126465
2022-08-23,KLBN11.SA,14.578203201293945
2022-08-24,KLBN11.SA,14.415514945983887
2022-08-25,KLBN11.SA,14.210386276245117
2022-08-26,KLBN11.SA,13.913305282592773
2022-08-29,KLBN11.SA,13.807204246520996
2022-08-30,KLBN11.SA,13.587933540344238
2022-08-31,KLBN11.SA,13.31914234161377
2022-09-01,KLBN11.SA,13.156458854675293
2022-09-02,KLBN11.SA,13.12816333770752
2022-09-05,KLBN11.SA,13.326216697692871
2022-09-06,KLBN11.SA,13.227188110351562
2022-09-08,KLBN11.SA,12.930108070373535
2022-09-09,KLBN11.SA,13.205970764160156
2022-09-12,KLBN11.SA,13.411096572875977
2022-09-13,KLBN11.SA,13.255483627319336
2022-09-14,KLBN11.SA,13.375732421875
2022-09-15,KLBN11.SA,13.340363502502441
2022-09-16,KLBN11.SA,13.00084114074707
2022-09-19,KLBN11.SA,12.965476036071777
2022-09-20,KLBN11.SA,13.135237693786621
2022-09-21,KLBN11.SA,12.82400894165039
2022-09-22,KLBN11.SA,13.092792510986328
2022-09-23,KLBN11.SA,12.739129066467285
2022-09-26,KLBN11.SA,12.717907905578613
2022-09-27,KLBN11.SA,12.760347366333008
2022-09-28,KLBN11.SA,12.802788734436035
2022-09-29,KLBN11.SA,12.590587615966797
2022-09-30,KLBN11.SA,12.838156700134277
2022-10-03,KLBN11.SA,13.255483627319336
2022-10-04,KLBN11.SA,13.22011661529541
2022-10-05,KLBN11.SA,13.389877319335938
2022-10-06,KLBN11.SA,13.312067985534668
2022-10-07,KLBN11.SA,13.312067985534668
2022-10-10,KLBN11.SA,13.722322463989258
2022-10-11,KLBN11.SA,13.644515037536621
2022-10-13,KLBN11.SA,13.88501262664795
2022-10-14,KLBN11.SA,13.892084121704102
2022-10-17,KLBN11.SA,14.35185432434082
2022-10-18,KLBN11.SA,14.535760879516602
2022-10-19,KLBN11.SA,14.45088005065918
2022-10-20,KLBN11.SA,14.549910545349121
2022-10-21,KLBN11.SA,14.599422454833984
2022-10-24,KLBN11.SA,14.818694114685059
2022-10-25,KLBN11.SA,14.875283241271973
2022-10-26,KLBN11.SA,14.96723747253418
2022-10-27,KLBN11.SA,14.861136436462402
2022-10-28,KLBN11.SA,15.483596801757812
2022-10-31,KLBN11.SA,15.292611122131348
2022-11-01,KLBN11.SA,15.492181777954102
2022-11-03,KLBN11.SA,15.824572563171387
2022-11-04,KLBN11.SA,15.954635620117188
2022-11-07,KLBN11.SA,16.041349411010742
2022-11-08,KLBN11.SA,16.431541442871094
2022-11-09,KLBN11.SA,16.308704376220703
2022-11-10,KLBN11.SA,16.272573471069336
2022-11-11,KLBN11.SA,17.175806045532227
2022-11-14,KLBN11.SA,16.995155334472656
2022-11-16,KLBN11.SA,16.677221298217773
2022-11-17,KLBN11.SA,16.164186477661133
2022-11-18,KLBN11.SA,16.00521469116211
2022-11-21,KLBN11.SA,15.448827743530273
2022-11-22,KLBN11.SA,15.484957695007324
2022-11-23,KLBN11.SA,15.325990676879883
2022-11-24,KLBN11.SA,15.383797645568848
2022-11-25,KLBN11.SA,14.986373901367188
2022-11-28,KLBN11.SA,14.827406883239746
2022-11-29,KLBN11.SA,14.545598030090332
2022-11-30,KLBN11.SA,14.15540599822998
2022-12-01,KLBN11.SA,14.256566047668457
2022-12-02,KLBN11.SA,14.37940788269043
2022-12-05,KLBN11.SA,14.567275047302246
2022-12-06,KLBN11.SA,14.964701652526855
2022-12-07,KLBN11.SA,14.93579387664795
2022-12-08,KLBN11.SA,14.682889938354492
2022-12-09,KLBN11.SA,15.253732681274414
2022-12-12,KLBN11.SA,15.362117767333984
2022-12-13,KLBN11.SA,14.76237678527832
2022-12-14,KLBN11.SA,14.877989768981934
2022-12-15,KLBN11.SA,14.784051895141602
2022-12-16,KLBN11.SA,14.581730842590332
2022-12-19,KLBN11.SA,14.191533088684082
2022-12-20,KLBN11.SA,14.321596145629883
2022-12-21,KLBN11.SA,14.120906829833984
2022-12-22,KLBN11.SA,14.200522422790527
2022-12-23,KLBN11.SA,13.939962387084961
2022-12-26,KLBN11.SA,13.845868110656738
2022-12-27,KLBN11.SA,14.048528671264648
2022-12-28,KLBN11.SA,14.352514266967773
2022-12-29,KLBN11.SA,14.44660472869873
2023-01-02,KLBN11.SA,14.511749267578125
2023-01-03,KLBN11.SA,14.649266242980957
2023-01-04,KLBN11.SA,14.707165718078613
2023-01-05,KLBN11.SA,14.815731048583984
2023-01-06,KLBN11.SA,14.707165718078613
2023-01-09,KLBN11.SA,14.772308349609375
2023-01-10,KLBN11.SA,14.656500816345215
2023-01-11,KLBN11.SA,14.345276832580566
2023-01-12,KLBN11.SA,14.41765308380127
2023-01-13,KLBN11.SA,14.374231338500977
2023-01-16,KLBN11.SA,14.410417556762695
2023-01-17,KLBN11.SA,14.620312690734863
2023-01-18,KLBN11.SA,14.649266242980957
2023-01-19,KLBN11.SA,14.53345775604248
2023-01-20,KLBN11.SA,14.200522422790527
2023-01-23,KLBN11.SA,14.077481269836426
2023-01-24,KLBN11.SA,14.164332389831543
2023-01-25,KLBN11.SA,14.012335777282715
2023-01-26,KLBN11.SA,13.947197914123535
2023-01-27,KLBN11.SA,13.903775215148926
2023-01-30,KLBN11.SA,14.222234725952148
2023-01-31,KLBN11.SA,14.113667488098145
2023-02-01,KLBN11.SA,14.229472160339355
2023-02-02,KLBN11.SA,13.74454116821289
2023-02-03,KLBN11.SA,13.98338794708252
2023-02-06,KLBN11.SA,13.816919326782227
2023-02-07,KLBN11.SA,13.947197914123535
2023-02-08,KLBN11.SA,13.93272590637207
2023-02-09,KLBN11.SA,14.041291236877441
2023-02-10,KLBN11.SA,14.157095909118652
2023-02-13,KLBN11.SA,14.207756996154785
2023-02-14,KLBN11.SA,14.364810943603516
2023-02-15,KLBN11.SA,14.541337013244629
2023-02-16,KLBN11.SA,14.504560470581055
2023-02-17,KLBN11.SA,14.217704772949219
2023-02-22,KLBN11.SA,13.916138648986816
2023-02-23,KLBN11.SA,13.908785820007324
2023-02-24,KLBN11.SA,13.997045516967773
2023-02-27,KLBN11.SA,14.026466369628906
2023-02-28,KLBN11.SA,14.357452392578125
2023-03-01,KLBN11.SA,14.416298866271973
2023-03-02,KLBN11.SA,14.482492446899414
2023-03-03,KLBN11.SA,14.511916160583496
2023-03-06,KLBN11.SA,14.438361167907715
2023-03-07,KLBN11.SA,14.3206787109375
2023-03-08,KLBN11.SA,14.489849090576172
2023-03-09,KLBN11.SA,14.342742919921875
2023-03-10,KLBN11.SA,14.210350036621094
2023-03-13,KLBN11.SA,13.769034385681152
2023-03-14,KLBN11.SA,13.56308650970459
2023-03-15,KLBN11.SA,13.180614471435547
2023-03-16,KLBN11.SA,13.239458084106445
2023-03-17,KLBN11.SA,13.37185001373291
2023-03-20,KLBN11.SA,13.283588409423828
2023-03-21,KLBN11.SA,13.283588409423828
2023-03-22,KLBN11.SA,13.232102394104004
2023-03-23,KLBN11.SA,13.283588409423828
2023-03-24,KLBN11.SA,13.467469215393066
2023-03-27,KLBN11.SA,13.11441707611084
2023-03-28,KLBN11.SA,13.187969207763672
2023-03-29,KLBN11.SA,13.37185001373291
2023-03-30,KLBN11.SA,13.430691719055176
2023-03-31,KLBN11.SA,13.30565357208252
2023-04-03,KLBN11.SA,13.408624649047852
2023-04-04,KLBN11.SA,13.467469215393066
2023-04-05,KLBN11.SA,13.136483192443848
2023-04-06,KLBN11.SA,13.158548355102539
2023-04-10,KLBN11.SA,13.32772159576416
2023-04-11,KLBN11.SA,13.739611625671387
2023-04-12,KLBN11.SA,13.84994125366211
2023-04-13,KLBN11.SA,13.776390075683594
2023-04-14,KLBN11.SA,13.607219696044922
2023-04-17,KLBN11.SA,13.688127517700195
2023-04-18,KLBN11.SA,13.820521354675293
2023-04-19,KLBN11.SA,13.894073486328125
2023-04-20,KLBN11.SA,13.666060447692871
2023-04-24,KLBN11.SA,13.71019458770752
2023-04-25,KLBN11.SA,13.48953628540039
2023-04-26,KLBN11.SA,13.482179641723633
2023-04-27,KLBN11.SA,13.4968900680542
2023-04-28,KLBN11.SA,14.070598602294922
2023-05-02,KLBN11.SA,14.107376098632812
2023-05-03,KLBN11.SA,14.636953353881836
2023-05-04,KLBN11.SA,14.364810943603516
2023-05-05,KLBN11.SA,14.644309043884277
2023-05-08,KLBN11.SA,14.930868148803711
2023-05-09,KLBN11.SA,15.013237953186035
2023-05-10,KLBN11.SA,15.005749702453613
2023-05-11,KLBN11.SA,14.91589069366455
2023-05-12,KLBN11.SA,15.013237953186035
2023-05-15,KLBN11.SA,15.694637298583984
2023-05-16,KLBN11.SA,15.417585372924805
2023-05-17,KLBN11.SA,15.597294807434082
2023-05-18,KLBN11.SA,16.136423110961914
2023-05-19,KLBN11.SA,16.458398818969727
2023-05-22,KLBN11.SA,16.39101219177246
2023-05-23,KLBN11.SA,16.293668746948242
2023-05-24,KLBN11.SA,15.949224472045898
2023-05-25,KLBN11.SA,15.95671272277832
2023-05-26,KLBN11.SA,16.136423110961914
2023-05-29,KLBN11.SA,15.934246063232422
2023-05-30,KLBN11.SA,15.949224472045898
2023-05-31,KLBN11.SA,15.754538536071777
2023-06-01,KLBN11.SA,15.597294807434082
2023-06-02,KLBN11.SA,15.896808624267578
2023-06-05,KLBN11.SA,15.97169017791748
2023-06-06,KLBN11.SA,16.151395797729492
2023-06-07,KLBN11.SA,16.031591415405273
2023-06-09,KLBN11.SA,15.926758766174316
2023-06-12,KLBN11.SA,16.450910568237305
2023-06-13,KLBN11.SA,16.63810920715332
2023-06-14,KLBN11.SA,16.877723693847656
2023-06-15,KLBN11.SA,17.154773712158203
2023-06-16,KLBN11.SA,17.132314682006836
2023-06-19,KLBN11.SA,17.192211151123047
2023-06-20,KLBN11.SA,17.28955841064453
2023-06-21,KLBN11.SA,16.900184631347656
2023-06-22,KLBN11.SA,16.72796630859375
2023-06-23,KLBN11.SA,16.997529983520508
2023-06-26,KLBN11.SA,16.75042724609375
2023-06-27,KLBN11.SA,16.585691452026367
2023-06-28,KLBN11.SA,16.256229400634766
2023-06-29,KLBN11.SA,16.151395797729492
2023-06-30,KLBN11.SA,16.30115509033203
2023-07-03,KLBN11.SA,16.420963287353516
2023-07-04,KLBN11.SA,16.503326416015625
2023-07-05,KLBN11.SA,16.443424224853516
2023-07-06,KLBN11.SA,16.188838958740234
2023-07-07,KLBN11.SA,16.376033782958984
2023-07-10,KLBN11.SA,16.24125099182129
2023-07-11,KLBN11.SA,16.113956451416016
2023-07-12,KLBN11.SA,15.949224472045898
2023-07-13,KLBN11.SA,16.136423110961914
2023-07-14,KLBN11.SA,16.016613006591797
2023-07-17,KLBN11.SA,16.02410316467285
2023-07-18,KLBN11.SA,16.009124755859375
2023-07-19,KLBN11.SA,15.687150001525879
2023-07-20,KLBN11.SA,15.732070922851562
2023-07-21,KLBN11.SA,15.762024879455566
2023-07-24,KLBN11.SA,16.248743057250977
2023-07-25,KLBN11.SA,16.368545532226562
2023-07-26,KLBN11.SA,16.570722579956055
2023-07-27,KLBN11.SA,16.877723693847656
2023-07-28,KLBN11.SA,17.00501823425293
2023-07-31,KLBN11.SA,17.222166061401367
2023-08-01,KLBN11.SA,17.034969329833984
2023-08-02,KLBN11.SA,16.990041732788086
2023-08-03,KLBN11.SA,17.38690185546875
2023-08-04,KLBN11.SA,17.604049682617188
2023-08-07,KLBN11.SA,17.652305603027344
2023-08-08,KLBN11.SA,17.36478614807129
2023-08-09,KLBN11.SA,17.062129974365234
2023-08-10,KLBN11.SA,17.0545654296875
2023-08-11,KLBN11.SA,17.145360946655273
2023-08-14,KLBN11.SA,17.319387435913086
2023-08-15,KLBN11.SA,17.09996223449707
2023-08-16,KLBN11.SA,17.09996223449707
2023-08-17,KLBN11.SA,17.031864166259766
2023-08-18,KLBN11.SA,17.009170532226562
2023-08-21,KLBN11.SA,16.918373107910156
2023-08-22,KLBN11.SA,17.024301528930664
2023-08-23,KLBN11.SA,17.0394287109375
2023-08-24,KLBN11.SA,16.986467361450195
2023-08-25,KLBN11.SA,17.15292739868164
2023-08-28,KLBN11.SA,17.30425453186035
2023-08-29,KLBN11.SA,17.4858455657959
2023-08-30,KLBN11.SA,17.379919052124023
2023-08-31,KLBN11.SA,17.22102165222168
2023-09-01,KLBN11.SA,17.46314811706543
2023-09-04,KLBN11.SA,17.531246185302734
2023-09-05,KLBN11.SA,17.342086791992188
2023-09-06,KLBN11.SA,16.97133445739746
2023-09-08,KLBN11.SA,16.729211807250977
2023-09-11,KLBN11.SA,16.97133445739746
2023-09-12,KLBN11.SA,17.20589256286621
2023-09-13,KLBN11.SA,17.190757751464844
2023-09-14,KLBN11.SA,17.25885772705078
2023-09-15,KLBN11.SA,17.4858455657959
2023-09-18,KLBN11.SA,17.455583572387695
2023-09-19,KLBN11.SA,17.591777801513672
2023-09-20,KLBN11.SA,18.20465087890625
2023-09-21,KLBN11.SA,18.295446395874023
2023-09-22,KLBN11.SA,18.181949615478516
2023-09-25,KLBN11.SA,18.121421813964844
2023-09-26,KLBN11.SA,17.901994705200195
2023-09-27,KLBN11.SA,18.00792694091797
2023-09-28,KLBN11.SA,17.864166259765625
2023-09-29,KLBN11.SA,18.01549530029297
2023-10-02,KLBN11.SA,18.053321838378906
2023-10-03,KLBN11.SA,18.15925407409668
2023-10-04,KLBN11.SA,18.068456649780273
2023-10-05,KLBN11.SA,17.803634643554688
2023-10-06,KLBN11.SA,17.780935287475586
2023-10-09,KLBN11.SA,17.796066284179688
2023-10-10,KLBN11.SA,17.652305603027344
2023-10-11,KLBN11.SA,17.584209442138672
2023-10-13,KLBN11.SA,17.84146499633789
2023-10-16,KLBN11.SA,17.833900451660156
2023-10-17,KLBN11.SA,17.894428253173828
2023-10-18,KLBN11.SA,17.546377182006836
2023-10-19,KLBN11.SA,17.531246185302734
2023-10-20,KLBN11.SA,17.084827423095703
2023-10-23,KLBN11.SA,16.97133445739746
2023-10-24,KLBN11.SA,16.74434471130371
2023-10-25,KLBN11.SA,16.759475708007812
2023-10-26,KLBN11.SA,16.79730987548828
2023-10-27,KLBN11.SA,16.645978927612305
2023-10-30,KLBN11.SA,16.484302520751953
2023-10-31,KLBN11.SA,16.407629013061523
2023-11-01,KLBN11.SA,16.599306106567383
2023-11-03,KLBN11.SA,16.74498176574707
2023-11-06,KLBN11.SA,17.120670318603516
2023-11-07,KLBN11.SA,17.174341201782227
2023-11-08,KLBN11.SA,17.56536293029785
2023-11-09,KLBN11.SA,17.32768440246582
2023-11-10,KLBN11.SA,17.358354568481445
2023-11-13,KLBN11.SA,17.220340728759766
2023-11-14,KLBN11.SA,17.396690368652344
2023-11-16,KLBN11.SA,17.65736961364746
2023-11-17,KLBN11.SA,17.7417049407959
2023-11-20,KLBN11.SA,17.54236602783203
2023-11-21,KLBN11.SA,17.672700881958008
2023-11-22,KLBN11.SA,17.948720932006836
2023-11-23,KLBN11.SA,17.895050048828125
2023-11-24,KLBN11.SA,17.596033096313477
2023-11-27,KLBN11.SA,17.634366989135742
2023-11-28,KLBN11.SA,17.818376541137695
2023-11-29,KLBN11.SA,17.964052200317383
2023-11-30,KLBN11.SA,17.304683685302734
2023-12-01,KLBN11.SA,16.22361946105957
2023-12-04,KLBN11.SA,16.024274826049805
2023-12-05,KLBN11.SA,16.20061683654785
2023-12-06,KLBN11.SA,16.139278411865234
2023-12-07,KLBN11.SA,15.82492733001709
2023-12-08,KLBN11.SA,15.901597023010254
2023-12-11,KLBN11.SA,16.05493927001953
2023-12-12,KLBN11.SA,15.98593807220459
2023-12-13,KLBN11.SA,16.4996337890625
2023-12-14,KLBN11.SA,16.752649307250977
2023-12-15,KLBN11.SA,16.53030014038086
2023-12-18,KLBN11.SA,16.14694595336914
2023-12-19,KLBN11.SA,16.315622329711914
2023-12-20,KLBN11.SA,16.30795669555664
2023-12-21,KLBN11.SA,16.675981521606445
2023-12-22,KLBN11.SA,16.9114933013916
2023-12-26,KLBN11.SA,16.888324737548828
2023-12-27,KLBN11.SA,16.95782470703125
2023-12-28,KLBN11.SA,17.15860366821289
2024-01-02,KLBN11.SA,16.780216217041016
2024-01-03,KLBN11.SA,17.019601821899414
2024-01-04,KLBN11.SA,16.888324737548828
2024-01-05,KLBN11.SA,17.089099884033203
2024-01-08,KLBN11.SA,17.29759979248047
2024-01-09,KLBN11.SA,17.042768478393555
2024-01-10,KLBN11.SA,17.181766510009766
2024-01-11,KLBN11.SA,17.11998748779297
2024-01-12,KLBN11.SA,17.351655960083008
2024-01-15,KLBN11.SA,17.498376846313477
2024-01-16,KLBN11.SA,17.01188087463379
2024-01-17,KLBN11.SA,17.08138084411621
2024-01-18,KLBN11.SA,16.60260772705078
2024-01-19,KLBN11.SA,16.79566192626953
2024-01-22,KLBN11.SA,16.594884872436523
2024-01-23,KLBN11.SA,16.826549530029297
2024-01-24,KLBN11.SA,16.80338478088379
2024-01-25,KLBN11.SA,16.818828582763672
2024-01-26,KLBN11.SA,16.934659957885742
2024-01-29,KLBN11.SA,16.633493423461914
2024-01-30,KLBN11.SA,16.50994300842285
2024-01-31,KLBN11.SA,16.440444946289062
2024-02-01,KLBN11.SA,16.293724060058594
2024-02-02,KLBN11.SA,16.224220275878906
2024-02-05,KLBN11.SA,16.36322021484375
2024-02-06,KLBN11.SA,16.656665802001953
2024-02-07,KLBN11.SA,16.672107696533203
2024-02-08,KLBN11.SA,16.695274353027344
2024-02-09,KLBN11.SA,16.502216339111328
2024-02-14,KLBN11.SA,16.378665924072266
2024-02-15,KLBN11.SA,16.718441009521484
2024-02-16,KLBN11.SA,16.853910446166992
2024-02-19,KLBN11.SA,16.7604923248291
2024-02-20,KLBN11.SA,16.931758880615234
2024-02-21,KLBN11.SA,16.861690521240234
2024-02-22,KLBN11.SA,17.040742874145508
2024-02-23,KLBN11.SA,16.877260208129883
2024-02-26,KLBN11.SA,17.14194107055664
2024-02-27,KLBN11.SA,17.4066219329834
2024-02-28,KLBN11.SA,17.593456268310547
2024-02-29,KLBN11.SA,17.570100784301758
2024-03-01,KLBN11.SA,17.51561164855957
2024-03-04,KLBN11.SA,17.523393630981445
2024-03-05,KLBN11.SA,17.359914779663086
2024-03-06,KLBN11.SA,17.243141174316406
2024-03-07,KLBN11.SA,17.41440773010254
2024-03-08,KLBN11.SA,17.15751075744629
2024-03-11,KLBN11.SA,17.212005615234375
2024-03-12,KLBN11.SA,17.42219352722168
2024-03-13,KLBN11.SA,17.65573501586914
2024-03-14,KLBN11.SA,17.7491512298584
2024-03-15,KLBN11.SA,18.13060188293457
2024-03-18,KLBN11.SA,18.57433319091797
2024-03-19,KLBN11.SA,19.0180606842041
2024-03-20,KLBN11.SA,19.274953842163086
2024-03-21,KLBN11.SA,19.313879013061523
2024-03-22,KLBN11.SA,19.04141616821289
2024-03-25,KLBN11.SA,18.815656661987305
2024-03-26,KLBN11.SA,19.150400161743164
2024-03-27,KLBN11.SA,19.57855987548828
2024-03-28,KLBN11.SA,19.664194107055664
2024-04-01,KLBN11.SA,19.516281127929688
2024-04-02,KLBN11.SA,19.531850814819336
2024-04-03,KLBN11.SA,19.2204647064209
2024-04-04,KLBN11.SA,19.39950942993164
2024-04-05,KLBN11.SA,19.212677001953125
2024-04-08,KLBN11.SA,19.422866821289062
2024-04-09,KLBN11.SA,19.695331573486328
2024-04-10,KLBN11.SA,19.617483139038086
2024-04-11,KLBN11.SA,19.625268936157227
2024-04-12,KLBN11.SA,19.40729522705078
2024-04-15,KLBN11.SA,19.033628463745117
2024-04-16,KLBN11.SA,19.033628463745117
2024-04-17,KLBN11.SA,18.963565826416016
2024-04-18,KLBN11.SA,18.870147705078125
2024-04-19,KLBN11.SA,19.165969848632812
2024-04-22,KLBN11.SA,18.75337791442871
2024-04-23,KLBN11.SA,18.582117080688477
2024-04-24,KLBN11.SA,18.35635757446289
2024-04-25,KLBN11.SA,18.09946060180664
2024-04-26,KLBN11.SA,17.97490882873535
2024-04-29,KLBN11.SA,18.01382827758789
2024-04-30,KLBN11.SA,17.935983657836914
2024-05-02,KLBN11.SA,18.037187576293945
2024-05-03,KLBN11.SA,18.161741256713867
2024-05-06,KLBN11.SA,18.058074951171875
2024-05-07,KLBN11.SA,18.35457420349121
2024-05-08,KLBN11.SA,18.62347412109375
2024-05-09,KLBN11.SA,18.80562973022461
2024-05-10,KLBN11.SA,18.675518035888672
2024-05-13,KLBN11.SA,18.796958923339844
2024-05-14,KLBN11.SA,18.606124877929688
2024-05-15,KLBN11.SA,18.753583908081055
2024-05-16,KLBN11.SA,18.92707061767578
2024-05-17,KLBN11.SA,18.502037048339844
2024-05-20,KLBN11.SA,18.753583908081055
2024-05-21,KLBN11.SA,18.571428298950195
2024-05-22,KLBN11.SA,18.215789794921875
2024-05-23,KLBN11.SA,17.990257263183594
2024-05-24,KLBN11.SA,18.241811752319336
2024-05-27,KLBN11.SA,18.241811752319336
2024-05-28,KLBN11.SA,18.12036895751953
2024-05-29,KLBN11.SA,17.955562591552734
2024-05-31,KLBN11.SA,17.625940322875977
2024-06-03,KLBN11.SA,17.582571029663086
2024-06-04,KLBN11.SA,17.530529022216797
2024-06-05,KLBN11.SA,17.17488670349121
2024-06-06,KLBN11.SA,17.409088134765625
2024-06-07,KLBN11.SA,17.348369598388672
2024-06-10,KLBN11.SA,17.313674926757812
2024-06-11,KLBN11.SA,17.643287658691406
2024-06-12,KLBN11.SA,17.790752410888672
2024-06-13,KLBN11.SA,17.73870849609375
2024-06-14,KLBN11.SA,17.66063690185547
2024-06-17,KLBN11.SA,17.643287658691406
2024-06-18,KLBN11.SA,17.730031967163086
2024-06-19,KLBN11.SA,17.790752410888672
2024-06-20,KLBN11.SA,17.834121704101562
2024-06-21,KLBN11.SA,17.86014747619629
2024-06-24,KLBN11.SA,17.834121704101562
2024-06-25,KLBN11.SA,17.89484214782715
2024-06-26,KLBN11.SA,18.077001571655273
2024-06-27,KLBN11.SA,18.519384384155273
2024-06-28,KLBN11.SA,18.597450256347656
2024-07-01,KLBN11.SA,18.90972137451172
2024-07-02,KLBN11.SA,18.822980880737305
2024-07-03,KLBN11.SA,18.61479949951172
2024-07-04,KLBN11.SA,18.606124877929688
2024-07-05,KLBN11.SA,18.129047393798828
2024-07-08,KLBN11.SA,18.103023529052734
2024-07-09,KLBN11.SA,18.094348907470703
2024-07-10,KLBN11.SA,18.059650421142578
2024-07-11,KLBN11.SA,18.12036895751953
2024-07-12,KLBN11.SA,18.17241668701172
2024-07-15,KLBN11.SA,18.449989318847656
2024-07-16,KLBN11.SA,18.52805519104004
2024-07-17,KLBN11.SA,18.692867279052734
2024-07-18,KLBN11.SA,18.571428298950195
2024-07-19,KLBN11.SA,18.658170700073242
2024-07-22,KLBN11.SA,19.07453155517578
2024-07-23,KLBN11.SA,18.840328216552734
2024-07-24,KLBN11.SA,18.831653594970703
2024-07-25,KLBN11.SA,18.571428298950195
2024-07-26,KLBN11.SA,18.389272689819336
2024-07-29,KLBN11.SA,18.979114532470703
2024-07-30,KLBN11.SA,19.126575469970703
2024-07-31,KLBN11.SA,19.161273956298828
2024-08-01,KLBN11.SA,19.117902755737305
2024-08-02,KLBN11.SA,18.831653594970703
2024-08-05,KLBN11.SA,18.588775634765625
2024-08-06,KLBN11.SA,18.295480728149414
2024-08-07,KLBN11.SA,18.163288116455078
2024-08-08,KLBN11.SA,18.277854919433594
2024-08-09,KLBN11.SA,18.401235580444336
2024-08-12,KLBN11.SA,18.251415252685547
2024-08-13,KLBN11.SA,18.242603302001953
2024-08-14,KLBN11.SA,18.401235580444336
2024-08-15,KLBN11.SA,18.365985870361328
2024-08-16,KLBN11.SA,18.50699234008789
2024-08-19,KLBN11.SA,18.762561798095703
2024-08-20,KLBN11.SA,19.344209671020508
2024-08-21,KLBN11.SA,19.520469665527344
2024-08-22,KLBN11.SA,19.46759033203125
2024-08-23,KLBN11.SA,19.511655807495117
2024-08-26,KLBN11.SA,19.43233871459961
2024-08-27,KLBN11.SA,19.37946319580078
2024-08-28,KLBN11.SA,19.353023529052734
2024-08-29,KLBN11.SA,19.07982635498047
2024-08-30,KLBN11.SA,19.026948928833008
2024-09-02,KLBN11.SA,18.87713050842285
2024-09-03,KLBN11.SA,18.974069595336914
2024-09-04,KLBN11.SA,19.32658576965332
2024-09-05,KLBN11.SA,19.28251838684082
2024-09-06,KLBN11.SA,19.141515731811523
2024-09-09,KLBN11.SA,19.07101058959961
2024-09-10,KLBN11.SA,19.388275146484375
2024-09-11,KLBN11.SA,19.335397720336914
2024-09-12,KLBN11.SA,19.115074157714844
2024-09-13,KLBN11.SA,19.220829010009766
2024-09-16,KLBN11.SA,19.141515731811523
2024-09-17,KLBN11.SA,19.000507354736328
2024-09-18,KLBN11.SA,18.806625366210938
2024-09-19,KLBN11.SA,18.762561798095703
2024-09-20,KLBN11.SA,18.524614334106445
2024-09-23,KLBN11.SA,18.348356246948242
2024-09-24,KLBN11.SA,18.551054000854492
2024-09-25,KLBN11.SA,18.286666870117188
2024-09-26,KLBN11.SA,18.63918113708496
2024-09-27,KLBN11.SA,18.568679809570312
2024-09-30,KLBN11.SA,18.41004753112793
2024-10-01,KLBN11.SA,18.418861389160156
2024-10-02,KLBN11.SA,18.753747940063477
2024-10-03,KLBN11.SA,18.64799690246582
2024-10-04,KLBN11.SA,18.788999557495117
2024-10-07,KLBN11.SA,18.841876983642578
2024-10-08,KLBN11.SA,18.771373748779297
2024-10-09,KLBN11.SA,18.489364624023438
2024-10-10,KLBN11.SA,18.02228355407715
2024-10-11,KLBN11.SA,17.757896423339844
2024-10-14,KLBN11.SA,17.775522232055664
2024-10-15,KLBN11.SA,17.942964553833008
2024-10-16,KLBN11.SA,17.898900985717773
2024-10-17,KLBN11.SA,18.09278678894043
2024-10-18,KLBN11.SA,18.251415252685547
2024-10-21,KLBN11.SA,18.26904296875
2024-10-22,KLBN11.SA,18.30429458618164
2024-10-23,KLBN11.SA,18.1809139251709
2024-10-24,KLBN11.SA,18.004657745361328
2024-10-25,KLBN11.SA,18.365985870361328
2024-10-28,KLBN11.SA,18.242603302001953
2024-10-29,KLBN11.SA,18.11922264099121
2024-10-30,KLBN11.SA,18.321918487548828
2024-10-31,KLBN11.SA,18.383609771728516
2024-11-01,KLBN11.SA,18.524614334106445
2024-11-04,KLBN11.SA,19.423526763916016
2024-11-05,KLBN11.SA,19.476402282714844
2024-11-06,KLBN11.SA,19.37946319580078
2024-11-07,KLBN11.SA,18.700870513916016
2024-11-08,KLBN11.SA,18.242603302001953
2024-11-11,KLBN11.SA,18.321918487548828
2024-11-12,KLBN11.SA,18.330474853515625
2024-11-13,KLBN11.SA,18.464927673339844
2024-11-14,KLBN11.SA,18.38425636291504
2024-11-18,KLBN11.SA,18.42011070251465
2024-11-19,KLBN11.SA,18.455965042114258
2024-11-21,KLBN11.SA,18.68901824951172
2024-11-22,KLBN11.SA,19.262685775756836
2024-11-25,KLBN11.SA,19.06548500061035
2024-11-26,KLBN11.SA,19.074447631835938
2024-11-27,KLBN11.SA,19.083412170410156
2024-11-28,KLBN11.SA,19.459882736206055
2024-11-29,KLBN11.SA,19.90806007385254
2024-12-02,KLBN11.SA,20.05147933959961
2024-12-03,KLBN11.SA,20.30245590209961
2024-12-04,KLBN11.SA,20.840267181396484
2024-12-05,KLBN11.SA,20.822343826293945
2024-12-06,KLBN11.SA,20.696853637695312
2024-12-09,KLBN11.SA,20.956796646118164
2024-12-10,KLBN11.SA,20.750635147094727
2024-12-11,KLBN11.SA,20.947832107543945
2024-12-12,KLBN11.SA,20.89405059814453
2024-12-13,KLBN11.SA,20.687889099121094
2024-12-16,KLBN11.SA,20.947832107543945
2024-12-17,KLBN11.SA,21.429241180419922
2024-12-18,KLBN11.SA,21.130733489990234
2024-12-19,KLBN11.SA,21.04027557373047
2024-12-20,KLBN11.SA,21.139780044555664
2024-12-23,KLBN11.SA,21.067413330078125
2024-12-26,KLBN11.SA,21.130733489990234
2024-12-27,KLBN11.SA,20.995046615600586
2024-12-30,KLBN11.SA,20.986003875732422
2022-01-03,PETR4.SA,9.664048194885254
2022-01-04,PETR4.SA,9.700589179992676
2022-01-05,PETR4.SA,9.325189590454102
2022-01-06,PETR4.SA,9.318546295166016
2022-01-07,PETR4.SA,9.361732482910156
2022-01-10,PETR4.SA,9.305255889892578
2022-01-11,PETR4.SA,9.58099365234375
2022-01-12,PETR4.SA,9.87333869934082
2022-01-13,PETR4.SA,10.07266616821289
2022-01-14,PETR4.SA,10.448064804077148
2022-01-17,PETR4.SA,10.464676856994629
2022-01-18,PETR4.SA,10.511186599731445
2022-01-19,PETR4.SA,10.46135425567627
2022-01-20,PETR4.SA,10.537762641906738
2022-01-21,PETR4.SA,10.554374694824219
2022-01-24,PETR4.SA,10.61417293548584
2022-01-25,PETR4.SA,10.959672927856445
2022-01-26,PETR4.SA,11.2520170211792
2022-01-27,PETR4.SA,11.25534439086914
2022-01-28,PETR4.SA,10.81017780303955
2022-01-31,PETR4.SA,10.747056007385254
2022-02-01,PETR4.SA,10.962995529174805
2022-02-02,PETR4.SA,10.8035306930542
2022-02-03,PETR4.SA,10.654037475585938
2022-02-04,PETR4.SA,10.840076446533203
2022-02-07,PETR4.SA,10.680614471435547
2022-02-08,PETR4.SA,10.57430648803711
2022-02-09,PETR4.SA,10.61417293548584
2022-02-10,PETR4.SA,10.776954650878906
2022-02-11,PETR4.SA,11.215473175048828
2022-02-14,PETR4.SA,10.962995529174805
2022-02-15,PETR4.SA,10.790242195129395
2022-02-16,PETR4.SA,10.939740180969238
2022-02-17,PETR4.SA,10.896551132202148
2022-02-18,PETR4.SA,10.962995529174805
2022-02-21,PETR4.SA,11.24537467956543
2022-02-22,PETR4.SA,11.208831787109375
2022-02-23,PETR4.SA,11.368292808532715
2022-02-24,PETR4.SA,11.092557907104492
2022-02-25,PETR4.SA,11.295207977294922
2022-03-02,PETR4.SA,11.517788887023926
2022-03-03,PETR4.SA,11.374939918518066
2022-03-04,PETR4.SA,11.371612548828125
2022-03-07,PETR4.SA,10.564339637756348
2022-03-08,PETR4.SA,10.783601760864258
2022-03-09,PETR4.SA,10.816823959350586
2022-03-10,PETR4.SA,11.19554328918457
2022-03-11,PETR4.SA,10.793566703796387
2022-03-14,PETR4.SA,10.587594032287598
2022-03-15,PETR4.SA,10.331791877746582
2022-03-16,PETR4.SA,10.242095947265625
2022-03-17,PETR4.SA,9.969679832458496
2022-03-18,PETR4.SA,10.1690092086792
2022-03-21,PETR4.SA,10.55105209350586
2022-03-22,PETR4.SA,10.504542350769043
2022-03-23,PETR4.SA,10.647391319274902
2022-03-24,PETR4.SA,10.770312309265137
2022-03-25,PETR4.SA,10.730445861816406
2022-03-28,PETR4.SA,10.497897148132324
2022-03-29,PETR4.SA,10.730445861816406
2022-03-30,PETR4.SA,10.959672927856445
2022-03-31,PETR4.SA,11.1124906539917
2022-04-01,PETR4.SA,10.966316223144531
2022-04-04,PETR4.SA,10.86333179473877
2022-04-05,PETR4.SA,10.760346412658691
2022-04-06,PETR4.SA,10.750378608703613
2022-04-07,PETR4.SA,11.308493614196777
2022-04-08,PETR4.SA,11.364971160888672
2022-04-11,PETR4.SA,11.278597831726074
2022-04-12,PETR4.SA,11.24537467956543
2022-04-13,PETR4.SA,11.484567642211914
2022-04-14,PETR4.SA,11.36472225189209
2022-04-18,PETR4.SA,11.16483211517334
2022-04-19,PETR4.SA,11.502830505371094
2022-04-20,PETR4.SA,11.55734634399414
2022-04-22,PETR4.SA,11.106681823730469
2022-04-25,PETR4.SA,10.943136215209961
2022-04-26,PETR4.SA,10.92496395111084
2022-04-27,PETR4.SA,10.92496395111084
2022-04-28,PETR4.SA,10.997649192810059
2022-04-29,PETR4.SA,11.00492000579834
2022-05-02,PETR4.SA,10.895885467529297
2022-05-03,PETR4.SA,10.9940185546875
2022-05-04,PETR4.SA,11.655474662780762
2022-05-05,PETR4.SA,11.633666038513184
2022-05-06,PETR4.SA,12.015280723571777
2022-05-09,PETR4.SA,11.688185691833496
2022-05-10,PETR4.SA,11.789945602416992
2022-05-11,PETR4.SA,12.200631141662598
2022-05-12,PETR4.SA,12.295127868652344
2022-05-13,PETR4.SA,12.45504093170166
2022-05-16,PETR4.SA,12.578606605529785
2022-05-17,PETR4.SA,12.415061950683594
2022-05-18,PETR4.SA,12.211538314819336
2022-05-19,PETR4.SA,12.418692588806152
2022-05-20,PETR4.SA,12.658562660217285
2022-05-23,PETR4.SA,13.156476020812988
2022-05-24,PETR4.SA,12.798242568969727
2022-05-25,PETR4.SA,12.980494499206543
2022-05-26,PETR4.SA,13.012895584106445
2022-05-27,PETR4.SA,12.393234252929688
2022-05-30,PETR4.SA,12.146180152893066
2022-05-31,PETR4.SA,12.174529075622559
2022-06-01,PETR4.SA,12.15832805633545
2022-06-02,PETR4.SA,12.053028106689453
2022-06-03,PETR4.SA,12.263630867004395
2022-06-06,PETR4.SA,12.27173137664795
2022-06-07,PETR4.SA,12.417533874511719
2022-06-08,PETR4.SA,12.356783866882324
2022-06-09,PETR4.SA,12.178580284118652
2022-06-10,PETR4.SA,12.008476257324219
2022-06-13,PETR4.SA,11.854575157165527
2022-06-14,PETR4.SA,11.988226890563965
2022-06-15,PETR4.SA,11.77762222290039
2022-06-17,PETR4.SA,11.060759544372559
2022-06-20,PETR4.SA,11.18631362915039
2022-06-21,PETR4.SA,10.963556289672852
2022-06-22,PETR4.SA,10.931154251098633
2022-06-23,PETR4.SA,10.72865104675293
2022-06-24,PETR4.SA,10.647650718688965
2022-06-27,PETR4.SA,11.332115173339844
2022-06-28,PETR4.SA,11.47386646270752
2022-06-29,PETR4.SA,11.372615814208984
2022-06-30,PETR4.SA,11.311864852905273
2022-07-01,PETR4.SA,11.55487060546875
2022-07-04,PETR4.SA,11.801922798156738
2022-07-05,PETR4.SA,11.352367401123047
2022-07-06,PETR4.SA,11.206562042236328
2022-07-07,PETR4.SA,11.53461742401123
2022-07-08,PETR4.SA,11.66422176361084
2022-07-11,PETR4.SA,11.607521057128906
2022-07-12,PETR4.SA,11.433367729187012
2022-07-13,PETR4.SA,11.441465377807617
2022-07-14,PETR4.SA,11.133659362792969
2022-07-15,PETR4.SA,11.324015617370605
2022-07-18,PETR4.SA,11.583220481872559
2022-07-19,PETR4.SA,11.818120956420898
2022-07-20,PETR4.SA,11.81407356262207
2022-07-21,PETR4.SA,11.75332260131836
2022-07-22,PETR4.SA,11.878872871398926
2022-07-25,PETR4.SA,12.433736801147461
2022-07-26,PETR4.SA,12.559286117553711
2022-07-27,PETR4.SA,12.696988105773926
2022-07-28,PETR4.SA,13.07769775390625
2022-07-29,PETR4.SA,13.831011772155762
2022-08-01,PETR4.SA,13.64065933227539
2022-08-02,PETR4.SA,13.701410293579102
2022-08-03,PETR4.SA,13.709510803222656
2022-08-04,PETR4.SA,13.855310440063477
2022-08-05,PETR4.SA,14.122618675231934
2022-08-08,PETR4.SA,14.835433006286621
2022-08-09,PETR4.SA,15.078434944152832
2022-08-10,PETR4.SA,15.029830932617188
2022-08-11,PETR4.SA,14.68152904510498
2022-08-12,PETR4.SA,15.771777153015137
2022-08-15,PETR4.SA,15.776747703552246
2022-08-16,PETR4.SA,15.920989990234375
2022-08-17,PETR4.SA,16.294021606445312
2022-08-18,PETR4.SA,16.622283935546875
2022-08-19,PETR4.SA,15.78172492980957
2022-08-22,PETR4.SA,16.11993980407715
2022-08-23,PETR4.SA,16.632230758666992
2022-08-24,PETR4.SA,16.731712341308594
2022-08-25,PETR4.SA,16.552654266357422
2022-08-26,PETR4.SA,16.731712341308594
2022-08-29,PETR4.SA,17.149505615234375
2022-08-30,PETR4.SA,16.129884719848633
2022-08-31,PETR4.SA,16.527788162231445
2022-09-01,PETR4.SA,16.836158752441406
2022-09-02,PETR4.SA,16.622283935546875
2022-09-05,PETR4.SA,16.582502365112305
2022-09-06,PETR4.SA,15.965751647949219
2022-09-08,PETR4.SA,15.81653881072998
2022-09-09,PETR4.SA,15.811567306518555
2022-09-12,PETR4.SA,15.657381057739258
2022-09-13,PETR4.SA,15.24455451965332
2022-09-14,PETR4.SA,15.478324890136719
2022-09-15,PETR4.SA,15.448482513427734
2022-09-16,PETR4.SA,15.309216499328613
2022-09-19,PETR4.SA,15.552933692932129
2022-09-20,PETR4.SA,15.463404655456543
2022-09-21,PETR4.SA,15.503193855285645
2022-09-22,PETR4.SA,15.8861722946167
2022-09-23,PETR4.SA,14.891422271728516
2022-09-26,PETR4.SA,14.56812858581543
2022-09-27,PETR4.SA,14.757131576538086
2022-09-28,PETR4.SA,14.558180809020996
2022-09-29,PETR4.SA,14.578076362609863
2022-09-30,PETR4.SA,14.82179069519043
2022-10-03,PETR4.SA,16.00554084777832
2022-10-04,PETR4.SA,15.602666854858398
2022-10-05,PETR4.SA,16.1895694732666
2022-10-06,PETR4.SA,16.74165916442871
2022-10-07,PETR4.SA,16.72673797607422
2022-10-10,PETR4.SA,16.537734985351562
2022-10-11,PETR4.SA,16.41339111328125
2022-10-13,PETR4.SA,16.880922317504883
2022-10-14,PETR4.SA,16.622283935546875
2022-10-17,PETR4.SA,16.60736656188965
2022-10-18,PETR4.SA,17.015213012695312
2022-10-19,PETR4.SA,17.617040634155273
2022-10-20,PETR4.SA,18.1392822265625
2022-10-21,PETR4.SA,18.761001586914062
2022-10-24,PETR4.SA,17.035106658935547
2022-10-25,PETR4.SA,16.677000045776367
2022-10-26,PETR4.SA,16.269149780273438
2022-10-27,PETR4.SA,16.393495559692383
2022-10-28,PETR4.SA,16.19951629638672
2022-10-31,PETR4.SA,14.826763153076172
2022-11-01,PETR4.SA,14.85163402557373
2022-11-03,PETR4.SA,14.896394729614258
2022-11-04,PETR4.SA,14.075728416442871
2022-11-07,PETR4.SA,13.503745079040527
2022-11-08,PETR4.SA,13.603218078613281
2022-11-09,PETR4.SA,13.379399299621582
2022-11-10,PETR4.SA,12.991448402404785
2022-11-11,PETR4.SA,13.424161911010742
2022-11-14,PETR4.SA,13.777301788330078
2022-11-16,PETR4.SA,13.503745079040527
2022-11-17,PETR4.SA,13.508720397949219
2022-11-18,PETR4.SA,13.279925346374512
2022-11-21,PETR4.SA,13.31971549987793
2022-11-22,PETR4.SA,12.414419174194336
2022-11-23,PETR4.SA,12.472951889038086
2022-11-24,PETR4.SA,12.903972625732422
2022-11-25,PETR4.SA,12.696444511413574
2022-11-28,PETR4.SA,12.962505340576172
2022-11-29,PETR4.SA,13.505267143249512
2022-11-30,PETR4.SA,14.186388969421387
2022-12-01,PETR4.SA,13.617015838623047
2022-12-02,PETR4.SA,13.787296295166016
2022-12-05,PETR4.SA,13.632981300354004
2022-12-06,PETR4.SA,13.643622398376465
2022-12-07,PETR4.SA,13.489306449890137
2022-12-08,PETR4.SA,13.185997009277344
2022-12-09,PETR4.SA,13.148749351501465
2022-12-12,PETR4.SA,12.72304916381836
2022-12-13,PETR4.SA,12.409096717834473
2022-12-14,PETR4.SA,11.424671173095703
2022-12-15,PETR4.SA,11.727982521057129
2022-12-16,PETR4.SA,11.73330307006836
2022-12-19,PETR4.SA,11.908904075622559
2022-12-20,PETR4.SA,12.276066780090332
2022-12-21,PETR4.SA,12.542128562927246
2022-12-22,PETR4.SA,12.76562213897705
2022-12-23,PETR4.SA,13.366921424865723
2022-12-26,PETR4.SA,13.271138191223145
2022-12-27,PETR4.SA,13.361597061157227
2022-12-28,PETR4.SA,13.196638107299805
2022-12-29,PETR4.SA,13.037002563476562
2023-01-02,PETR4.SA,12.196249961853027
2023-01-03,PETR4.SA,11.887619972229004
2023-01-04,PETR4.SA,12.265421867370605
2023-01-05,PETR4.SA,12.707086563110352
2023-01-06,PETR4.SA,12.632589340209961
2023-01-09,PETR4.SA,12.701766967773438
2023-01-10,PETR4.SA,12.81883430480957
2023-01-11,PETR4.SA,12.91993522644043
2023-01-12,PETR4.SA,13.106179237365723
2023-01-13,PETR4.SA,13.07425308227539
2023-01-16,PETR4.SA,12.79222583770752
2023-01-17,PETR4.SA,13.579767227172852
2023-01-18,PETR4.SA,13.340312004089355
2023-01-19,PETR4.SA,13.776653289794922
2023-01-20,PETR4.SA,14.03207015991211
2023-01-23,PETR4.SA,14.255562782287598
2023-01-24,PETR4.SA,14.154461860656738
2023-01-25,PETR4.SA,14.335383415222168
2023-01-26,PETR4.SA,13.968215942382812
2023-01-27,PETR4.SA,13.632981300354004
2023-01-30,PETR4.SA,13.702157020568848
2023-01-31,PETR4.SA,13.8724365234375
2023-02-01,PETR4.SA,13.68087100982666
2023-02-02,PETR4.SA,13.047646522521973
2023-02-03,PETR4.SA,13.19131851196289
2023-02-06,PETR4.SA,13.718120574951172
2023-02-07,PETR4.SA,13.632981300354004
2023-02-08,PETR4.SA,13.861790657043457
2023-02-09,PETR4.SA,13.797937393188477
2023-02-10,PETR4.SA,14.218314170837402
2023-02-13,PETR4.SA,14.260885238647461
2023-02-14,PETR4.SA,14.207672119140625
2023-02-15,PETR4.SA,14.228958129882812
2023-02-16,PETR4.SA,14.287491798400879
2023-02-17,PETR4.SA,14.06932258605957
2023-02-22,PETR4.SA,13.707474708557129
2023-02-23,PETR4.SA,14.127853393554688
2023-02-24,PETR4.SA,13.781973838806152
2023-02-27,PETR4.SA,13.915005683898926
2023-02-28,PETR4.SA,13.43077278137207
2023-03-01,PETR4.SA,13.462701797485352
2023-03-02,PETR4.SA,13.111498832702637
2023-03-03,PETR4.SA,13.675549507141113
2023-03-06,PETR4.SA,13.813899993896484
2023-03-07,PETR4.SA,13.356278419494629
2023-03-08,PETR4.SA,13.526556968688965
2023-03-09,PETR4.SA,13.468022346496582
2023-03-10,PETR4.SA,13.2924222946167
2023-03-13,PETR4.SA,12.872044563293457
2023-03-14,PETR4.SA,12.643230438232422
2023-03-15,PETR4.SA,12.419739723205566
2023-03-16,PETR4.SA,12.377169609069824
2023-03-17,PETR4.SA,12.510202407836914
2023-03-20,PETR4.SA,12.20157241821289
2023-03-21,PETR4.SA,12.451668739318848
2023-03-22,PETR4.SA,12.414419174194336
2023-03-23,PETR4.SA,12.132392883300781
2023-03-24,PETR4.SA,12.1270751953125
2023-03-27,PETR4.SA,12.334601402282715
2023-03-28,PETR4.SA,12.55277156829834
2023-03-29,PETR4.SA,12.717729568481445
2023-03-30,PETR4.SA,12.754979133605957
2023-03-31,PETR4.SA,12.478275299072266
2023-04-03,PETR4.SA,13.031679153442383
2023-04-04,PETR4.SA,12.9146146774292
2023-04-05,PETR4.SA,12.957184791564941
2023-04-06,PETR4.SA,12.770939826965332
2023-04-10,PETR4.SA,13.042325019836426
2023-04-11,PETR4.SA,13.654267311096191
2023-04-12,PETR4.SA,13.755370140075684
2023-04-13,PETR4.SA,13.851150512695312
2023-04-14,PETR4.SA,13.994821548461914
2023-04-17,PETR4.SA,14.212992668151855
2023-04-18,PETR4.SA,14.574838638305664
2023-04-19,PETR4.SA,14.106568336486816
2023-04-20,PETR4.SA,14.202350616455078
2023-04-24,PETR4.SA,14.473732948303223
2023-04-25,PETR4.SA,14.415202140808105
2023-04-26,PETR4.SA,14.234277725219727
2023-04-27,PETR4.SA,13.888398170471191
2023-04-28,PETR4.SA,14.20618724822998
2023-05-02,PETR4.SA,13.63074779510498
2023-05-03,PETR4.SA,13.582795143127441
2023-05-04,PETR4.SA,13.798582077026367
2023-05-05,PETR4.SA,14.386009216308594
2023-05-08,PETR4.SA,14.691717147827148
2023-05-09,PETR4.SA,14.73967170715332
2023-05-10,PETR4.SA,14.703707695007324
2023-05-11,PETR4.SA,15.243179321289062
2023-05-12,PETR4.SA,15.734700202941895
2023-05-15,PETR4.SA,15.381044387817383
2023-05-16,PETR4.SA,15.764670372009277
2023-05-17,PETR4.SA,15.381044387817383
2023-05-18,PETR4.SA,15.47095775604248
2023-05-19,PETR4.SA,15.446983337402344
2023-05-22,PETR4.SA,15.357068061828613
2023-05-23,PETR4.SA,15.734700202941895
2023-05-24,PETR4.SA,15.974471092224121
2023-05-25,PETR4.SA,15.854584693908691
2023-05-26,PETR4.SA,16.064380645751953
2023-05-29,PETR4.SA,15.998444557189941
2023-05-30,PETR4.SA,15.81861686706543
2023-05-31,PETR4.SA,15.656780242919922
2023-06-01,PETR4.SA,16.160287857055664
2023-06-02,PETR4.SA,16.292160034179688
2023-06-05,PETR4.SA,16.46599006652832
2023-06-06,PETR4.SA,16.81365203857422
2023-06-07,PETR4.SA,17.305173873901367
2023-06-09,PETR4.SA,18.150354385375977
2023-06-12,PETR4.SA,18.468042373657227
2023-06-13,PETR4.SA,18.4320068359375
2023-06-14,PETR4.SA,19.22395896911621
2023-06-15,PETR4.SA,18.7705020904541
2023-06-16,PETR4.SA,18.9301700592041
2023-06-19,PETR4.SA,19.428333282470703
2023-06-20,PETR4.SA,19.524133682250977
2023-06-21,PETR4.SA,20.341629028320312
2023-06-22,PETR4.SA,20.086162567138672
2023-06-23,PETR4.SA,19.262277603149414
2023-06-26,PETR4.SA,19.696575164794922
2023-06-27,PETR4.SA,19.543292999267578
2023-06-28,PETR4.SA,19.728506088256836
2023-06-29,PETR4.SA,19.817920684814453
2023-06-30,PETR4.SA,18.85991668701172
2023-07-03,PETR4.SA,19.211183547973633
2023-07-04,PETR4.SA,19.255891799926758
2023-07-05,PETR4.SA,19.230344772338867
2023-07-06,PETR4.SA,18.93655776977539
2023-07-07,PETR4.SA,18.84075355529785
2023-07-10,PETR4.SA,18.872690200805664
2023-07-11,PETR4.SA,18.617223739624023
2023-07-12,PETR4.SA,18.62999725341797
2023-07-13,PETR4.SA,18.923782348632812
2023-07-14,PETR4.SA,18.5533504486084
2023-07-17,PETR4.SA,18.515033721923828
2023-07-18,PETR4.SA,18.4128475189209
2023-07-19,PETR4.SA,18.585290908813477
2023-07-20,PETR4.SA,18.604448318481445
2023-07-21,PETR4.SA,18.955718994140625
2023-07-24,PETR4.SA,19.3516902923584
2023-07-25,PETR4.SA,19.798763275146484
2023-07-26,PETR4.SA,19.798763275146484
2023-07-27,PETR4.SA,18.7705020904541
2023-07-28,PETR4.SA,19.006811141967773
2023-07-31,PETR4.SA,19.869016647338867
2023-08-01,PETR4.SA,19.543292999267578
2023-08-02,PETR4.SA,19.498586654663086
2023-08-03,PETR4.SA,19.74766731262207
2023-08-04,PETR4.SA,19.160091400146484
2023-08-07,PETR4.SA,19.281436920166016
2023-08-08,PETR4.SA,19.30059814453125
2023-08-09,PETR4.SA,19.453876495361328
2023-08-10,PETR4.SA,19.56245231628418
2023-08-11,PETR4.SA,19.517744064331055
2023-08-14,PETR4.SA,19.56884002685547
2023-08-15,PETR4.SA,19.709346771240234
2023-08-16,PETR4.SA,20.143644332885742
2023-08-17,PETR4.SA,20.079776763916016
2023-08-18,PETR4.SA,20.130868911743164
2023-08-21,PETR4.SA,19.990358352661133
2023-08-22,PETR4.SA,20.294885635375977
2023-08-23,PETR4.SA,21.375598907470703
2023-08-24,PETR4.SA,21.342451095581055
2023-08-25,PETR4.SA,21.19658660888672
2023-08-28,PETR4.SA,21.435272216796875
2023-08-29,PETR4.SA,21.4816837310791
2023-08-30,PETR4.SA,21.627546310424805
2023-08-31,PETR4.SA,21.17669677734375
2023-09-01,PETR4.SA,21.634180068969727
2023-09-04,PETR4.SA,21.408750534057617
2023-09-05,PETR4.SA,22.124805450439453
2023-09-06,PETR4.SA,22.224260330200195
2023-09-08,PETR4.SA,22.144699096679688
2023-09-11,PETR4.SA,22.124805450439453
2023-09-12,PETR4.SA,22.230892181396484
2023-09-13,PETR4.SA,21.899383544921875
2023-09-14,PETR4.SA,22.456314086914062
2023-09-15,PETR4.SA,22.469573974609375
2023-09-18,PETR4.SA,22.628700256347656
2023-09-19,PETR4.SA,22.681739807128906
2023-09-20,PETR4.SA,22.73478126525879
2023-09-21,PETR4.SA,22.38338279724121
2023-09-22,PETR4.SA,22.562397003173828
2023-09-25,PETR4.SA,22.70825958251953
2023-09-26,PETR4.SA,22.184480667114258
2023-09-27,PETR4.SA,22.887279510498047
2023-09-28,PETR4.SA,22.840864181518555
2023-09-29,PETR4.SA,22.966838836669922
2023-10-02,PETR4.SA,22.622066497802734
2023-10-03,PETR4.SA,22.522615432739258
2023-10-04,PETR4.SA,21.627546310424805
2023-10-05,PETR4.SA,21.70047950744629
2023-10-06,PETR4.SA,22.217628479003906
2023-10-09,PETR4.SA,23.17237091064453
2023-10-10,PETR4.SA,23.344751358032227
2023-10-11,PETR4.SA,23.28508186340332
2023-10-13,PETR4.SA,24.054180145263672
2023-10-16,PETR4.SA,24.319385528564453
2023-10-17,PETR4.SA,24.97576904296875
2023-10-18,PETR4.SA,25.539339065551758
2023-10-19,PETR4.SA,25.41998863220215
2023-10-20,PETR4.SA,25.095117568969727
2023-10-23,PETR4.SA,23.43757438659668
2023-10-24,PETR4.SA,23.788978576660156
2023-10-25,PETR4.SA,23.914949417114258
2023-10-26,PETR4.SA,23.669628143310547
2023-10-27,PETR4.SA,23.497249603271484
2023-10-30,PETR4.SA,23.258563995361328
2023-10-31,PETR4.SA,23.033138275146484
2023-11-01,PETR4.SA,23.28508186340332
2023-11-03,PETR4.SA,23.563552856445312
2023-11-06,PETR4.SA,23.543663024902344
2023-11-07,PETR4.SA,23.15247917175293
2023-11-08,PETR4.SA,22.655216217041016
2023-11-09,PETR4.SA,23.125961303710938
2023-11-10,PETR4.SA,23.019882202148438
2023-11-13,PETR4.SA,23.663000106811523
2023-11-14,PETR4.SA,23.987876892089844
2023-11-16,PETR4.SA,23.570178985595703
2023-11-17,PETR4.SA,24.339277267456055
2023-11-20,PETR4.SA,24.359169006347656
2023-11-21,PETR4.SA,24.107221603393555
2023-11-22,PETR4.SA,24.22521209716797
2023-11-23,PETR4.SA,24.232101440429688
2023-11-24,PETR4.SA,24.301006317138672
2023-11-27,PETR4.SA,24.1632022857666
2023-11-28,PETR4.SA,24.52837371826172
2023-11-29,PETR4.SA,24.2734432220459
2023-11-30,PETR4.SA,24.741960525512695
2023-12-01,PETR4.SA,24.576595306396484
2023-12-04,PETR4.SA,24.052961349487305
2023-12-05,PETR4.SA,23.942724227905273
2023-12-06,PETR4.SA,23.08147430419922
2023-12-07,PETR4.SA,23.026351928710938
2023-12-08,PETR4.SA,23.763582229614258
2023-12-11,PETR4.SA,23.674013137817383
2023-12-12,PETR4.SA,23.481096267700195
2023-12-13,PETR4.SA,23.818702697753906
2023-12-14,PETR4.SA,24.335453033447266
2023-12-15,PETR4.SA,24.39057159423828
2023-12-18,PETR4.SA,24.6937313079834
2023-12-19,PETR4.SA,24.97622299194336
2023-12-20,PETR4.SA,25.0657901763916
2023-12-21,PETR4.SA,25.072681427001953
2023-12-22,PETR4.SA,25.313831329345703
2023-12-26,PETR4.SA,25.7203369140625
2023-12-27,PETR4.SA,25.741010665893555
2023-12-28,PETR4.SA,25.6583309173584
2024-01-02,PETR4.SA,26.03038787841797
2024-01-03,PETR4.SA,26.843406677246094
2024-01-04,PETR4.SA,26.616043090820312
2024-01-05,PETR4.SA,26.678050994873047
2024-01-08,PETR4.SA,26.478240966796875
2024-01-09,PETR4.SA,26.250865936279297
2024-01-10,PETR4.SA,26.009719848632812
2024-01-11,PETR4.SA,26.23019790649414
2024-01-12,PETR4.SA,26.29909896850586
2024-01-15,PETR4.SA,26.581594467163086
2024-01-16,PETR4.SA,26.250865936279297
2024-01-17,PETR4.SA,26.099292755126953
2024-01-18,PETR4.SA,25.995943069458008
2024-01-19,PETR4.SA,25.85814094543457
2024-01-22,PETR4.SA,25.975276947021484
2024-01-23,PETR4.SA,26.29909896850586
2024-01-24,PETR4.SA,26.099292755126953
2024-01-25,PETR4.SA,27.063888549804688
2024-01-26,PETR4.SA,27.532407760620117
2024-01-29,PETR4.SA,27.952695846557617
2024-01-30,PETR4.SA,27.78044319152832
2024-01-31,PETR4.SA,28.083608627319336
2024-02-01,PETR4.SA,28.641698837280273
2024-02-02,PETR4.SA,28.269636154174805
2024-02-05,PETR4.SA,28.393653869628906
2024-02-06,PETR4.SA,28.655479431152344
2024-02-07,PETR4.SA,29.075763702392578
2024-02-08,PETR4.SA,28.84151268005371
2024-02-09,PETR4.SA,28.455673217773438
2024-02-14,PETR4.SA,28.242080688476562
2024-02-15,PETR4.SA,29.144662857055664
2024-02-16,PETR4.SA,29.413375854492188
2024-02-19,PETR4.SA,29.558067321777344
2024-02-20,PETR4.SA,29.248016357421875
2024-02-21,PETR4.SA,29.289352416992188
2024-02-22,PETR4.SA,29.068878173828125
2024-02-23,PETR4.SA,28.869068145751953
2024-02-26,PETR4.SA,29.413375854492188
2024-02-27,PETR4.SA,29.372037887573242
2024-02-28,PETR4.SA,27.85623550415039
2024-02-29,PETR4.SA,27.656429290771484
2024-03-01,PETR4.SA,27.683990478515625
2024-03-04,PETR4.SA,27.615083694458008
2024-03-05,PETR4.SA,27.532407760620117
2024-03-06,PETR4.SA,28.138729095458984
2024-03-07,PETR4.SA,27.82868003845215
2024-03-08,PETR4.SA,25.286272048950195
2024-03-11,PETR4.SA,24.562822341918945
2024-03-12,PETR4.SA,25.36895179748535
2024-03-13,PETR4.SA,25.0657901763916
2024-03-14,PETR4.SA,24.955556869506836
2024-03-15,PETR4.SA,25.02444839477539
2024-03-18,PETR4.SA,25.038232803344727
2024-03-19,PETR4.SA,24.852203369140625
2024-03-20,PETR4.SA,25.286272048950195
2024-03-21,PETR4.SA,24.59726905822754
2024-03-22,PETR4.SA,24.83842658996582
2024-03-25,PETR4.SA,25.217370986938477
2024-03-26,PETR4.SA,24.983110427856445
2024-03-27,PETR4.SA,25.182924270629883
2024-03-28,PETR4.SA,25.741010665893555
2024-04-01,PETR4.SA,25.940820693969727
2024-04-02,PETR4.SA,26.609149932861328
2024-04-03,PETR4.SA,26.471349716186523
2024-04-04,PETR4.SA,26.168188095092773
2024-04-05,PETR4.SA,26.250865936279297
2024-04-08,PETR4.SA,26.616043090820312
2024-04-09,PETR4.SA,26.684938430786133
2024-04-10,PETR4.SA,27.277477264404297
2024-04-11,PETR4.SA,27.077667236328125
2024-04-12,PETR4.SA,26.82962989807129
2024-04-15,PETR4.SA,27.08455467224121
2024-04-16,PETR4.SA,27.20858383178711
2024-04-17,PETR4.SA,27.408384323120117
2024-04-18,PETR4.SA,27.45661735534668
2024-04-19,PETR4.SA,27.92513656616211
2024-04-22,PETR4.SA,28.593461990356445
2024-04-23,PETR4.SA,28.538345336914062
2024-04-24,PETR4.SA,28.407442092895508
2024-04-25,PETR4.SA,29.089548110961914
2024-04-26,PETR4.SA,29.50037384033203
2024-04-29,PETR4.SA,29.854516983032227
2024-04-30,PETR4.SA,29.762441635131836
2024-05-02,PETR4.SA,29.875768661499023
2024-05-03,PETR4.SA,29.4957218170166
2024-05-06,PETR4.SA,29.69536781311035
2024-05-07,PETR4.SA,30.05768394470215
2024-05-08,PETR4.SA,30.516128540039062
2024-05-09,PETR4.SA,30.811891555786133
2024-05-10,PETR4.SA,30.745357513427734
2024-05-13,PETR4.SA,30.774927139282227
2024-05-14,PETR4.SA,30.220355987548828
2024-05-15,PETR4.SA,28.393972396850586
2024-05-16,PETR4.SA,27.56581687927246
2024-05-17,PETR4.SA,27.129554748535156
2024-05-20,PETR4.SA,27.173921585083008
2024-05-21,PETR4.SA,27.12215805053711
2024-05-22,PETR4.SA,27.49187469482422
2024-05-23,PETR4.SA,27.218286514282227
2024-05-24,PETR4.SA,27.070405960083008
2024-05-27,PETR4.SA,27.36617088317871
2024-05-28,PETR4.SA,27.950315475463867
2024-05-29,PETR4.SA,27.913349151611328
2024-05-31,PETR4.SA,28.682353973388672
2024-06-03,PETR4.SA,28.527076721191406
2024-06-04,PETR4.SA,28.209123611450195
2024-06-05,PETR4.SA,28.246091842651367
2024-06-06,PETR4.SA,28.379188537597656
2024-06-07,PETR4.SA,27.314409255981445
2024-06-10,PETR4.SA,27.72849464416504
2024-06-11,PETR4.SA,27.846797943115234
2024-06-12,PETR4.SA,27.240867614746094
2024-06-13,PETR4.SA,26.967090606689453
2024-06-14,PETR4.SA,26.373905181884766
2024-06-17,PETR4.SA,26.47277069091797
2024-06-18,PETR4.SA,27.301712036132812
2024-06-19,PETR4.SA,27.32452392578125
2024-06-20,PETR4.SA,27.758007049560547
2024-06-21,PETR4.SA,27.90250015258789
2024-06-24,PETR4.SA,28.183887481689453
2024-06-25,PETR4.SA,28.16106414794922
2024-06-26,PETR4.SA,28.206697463989258
2024-06-27,PETR4.SA,28.678197860717773
2024-06-28,PETR4.SA,28.936769485473633
2024-07-01,PETR4.SA,29.37785530090332
2024-07-02,PETR4.SA,29.286592483520508
2024-07-03,PETR4.SA,28.77706527709961
2024-07-04,PETR4.SA,28.38161277770996
2024-07-05,PETR4.SA,28.533708572387695
2024-07-08,PETR4.SA,29.23336410522461
2024-07-09,PETR4.SA,29.22575569152832
2024-07-10,PETR4.SA,28.951980590820312
2024-07-11,PETR4.SA,29.149709701538086
2024-07-12,PETR4.SA,29.01282501220703
2024-07-15,PETR4.SA,29.278995513916016
2024-07-16,PETR4.SA,29.202939987182617
2024-07-17,PETR4.SA,29.355043411254883
2024-07-18,PETR4.SA,29.301807403564453
2024-07-19,PETR4.SA,29.42348289489746
2024-07-22,PETR4.SA,28.837902069091797
2024-07-23,PETR4.SA,28.46527099609375
2024-07-24,PETR4.SA,28.693410873413086
2024-07-25,PETR4.SA,28.65538787841797
2024-07-26,PETR4.SA,28.624967575073242
2024-07-29,PETR4.SA,28.0469913482666
2024-07-30,PETR4.SA,27.872081756591797
2024-07-31,PETR4.SA,28.450056076049805
2024-08-01,PETR4.SA,28.016576766967773
2024-08-02,PETR4.SA,27.17242431640625
2024-08-05,PETR4.SA,27.149608612060547
2024-08-06,PETR4.SA,27.621112823486328
2024-08-07,PETR4.SA,27.583091735839844
2024-08-08,PETR4.SA,28.02417755126953
2024-08-09,PETR4.SA,27.76561164855957
2024-08-12,PETR4.SA,28.396825790405273
2024-08-13,PETR4.SA,28.221908569335938
2024-08-14,PETR4.SA,28.716224670410156
2024-08-15,PETR4.SA,29.15731430053711
2024-08-16,PETR4.SA,29.278995513916016
2024-08-19,PETR4.SA,29.23336410522461
2024-08-20,PETR4.SA,29.119293212890625
2024-08-21,PETR4.SA,28.94437599182129
2024-08-22,PETR4.SA,29.032917022705078
2024-08-23,PETR4.SA,28.8530216217041
2024-08-26,PETR4.SA,30.949148178100586
2024-08-27,PETR4.SA,30.534618377685547
2024-08-28,PETR4.SA,30.972618103027344
2024-08-29,PETR4.SA,30.76144027709961
2024-08-30,PETR4.SA,30.7927188873291
2024-09-02,PETR4.SA,30.503326416015625
2024-09-03,PETR4.SA,30.135730743408203
2024-09-04,PETR4.SA,30.143552780151367
2024-09-05,PETR4.SA,29.955839157104492
2024-09-06,PETR4.SA,29.369230270385742
2024-09-09,PETR4.SA,29.68990707397461
2024-09-10,PETR4.SA,29.197160720825195
2024-09-11,PETR4.SA,29.165876388549805
2024-09-12,PETR4.SA,28.837377548217773
2024-09-13,PETR4.SA,28.704418182373047
2024-09-16,PETR4.SA,29.103303909301758
2024-09-17,PETR4.SA,28.9703426361084
2024-09-18,PETR4.SA,28.274242401123047
2024-09-19,PETR4.SA,28.36809730529785
2024-09-20,PETR4.SA,28.360273361206055
2024-09-23,PETR4.SA,28.649667739868164
2024-09-24,PETR4.SA,28.76698875427246
2024-09-25,PETR4.SA,28.978158950805664
2024-09-26,PETR4.SA,28.352453231811523
2024-09-27,PETR4.SA,28.242958068847656
2024-09-30,PETR4.SA,28.164743423461914
2024-10-01,PETR4.SA,28.915592193603516
2024-10-02,PETR4.SA,29.31447982788086
2024-10-03,PETR4.SA,29.67426109313965
2024-10-04,PETR4.SA,29.596046447753906
2024-10-07,PETR4.SA,30.010583877563477
2024-10-08,PETR4.SA,29.408336639404297
2024-10-09,PETR4.SA,29.111125946044922
2024-10-10,PETR4.SA,29.447444915771484
2024-10-11,PETR4.SA,29.423982620239258
2024-10-14,PETR4.SA,29.494369506835938
2024-10-15,PETR4.SA,29.251916885375977
2024-10-16,PETR4.SA,29.103303909301758
2024-10-17,PETR4.SA,28.88430404663086
2024-10-18,PETR4.SA,28.806095123291016
2024-10-21,PETR4.SA,28.352453231811523
2024-10-22,PETR4.SA,28.242958068847656
2024-10-23,PETR4.SA,27.890995025634766
2024-10-24,PETR4.SA,28.07870864868164
2024-10-25,PETR4.SA,28.274242401123047
2024-10-28,PETR4.SA,28.227313995361328
2024-10-29,PETR4.SA,28.164743423461914
2024-10-30,PETR4.SA,28.03959846496582
2024-10-31,PETR4.SA,28.08652687072754
2024-11-01,PETR4.SA,27.70328140258789
2024-11-04,PETR4.SA,27.765851974487305
2024-11-05,PETR4.SA,27.6798152923584
2024-11-06,PETR4.SA,27.687639236450195
2024-11-07,PETR4.SA,27.773672103881836
2024-11-08,PETR4.SA,28.297706604003906
2024-11-11,PETR4.SA,28.352453231811523
2024-11-12,PETR4.SA,28.88430404663086
2024-11-13,PETR4.SA,28.845197677612305
2024-11-14,PETR4.SA,29.150232315063477
2024-11-18,PETR4.SA,29.877622604370117
2024-11-19,PETR4.SA,29.56476593017578
2024-11-21,PETR4.SA,29.650800704956055
2024-11-22,PETR4.SA,30.83182716369629
2024-11-25,PETR4.SA,30.64411735534668
2024-11-26,PETR4.SA,30.605010986328125
2024-11-27,PETR4.SA,30.495513916015625
2024-11-28,PETR4.SA,30.18265724182129
2024-11-29,PETR4.SA,30.425121307373047
2024-12-02,PETR4.SA,30.620656967163086
2024-12-03,PETR4.SA,30.89440155029297
2024-12-04,PETR4.SA,30.698863983154297
2024-12-05,PETR4.SA,31.003896713256836
2024-12-06,PETR4.SA,30.52680015563965
2024-12-09,PETR4.SA,31.31675148010254
2024-12-10,PETR4.SA,31.434070587158203
2024-12-11,PETR4.SA,31.746929168701172
2024-12-12,PETR4.SA,31.179088592529297
2024-12-13,PETR4.SA,30.983909606933594
2024-12-16,PETR4.SA,30.853796005249023
2024-12-17,PETR4.SA,31.146562576293945
2024-12-18,PETR4.SA,30.34146499633789
2024-12-19,PETR4.SA,30.219486236572266
2024-12-20,PETR4.SA,29.96738052368164
2024-12-23,PETR4.SA,29.97551727294922
2024-12-26,PETR4.SA,30.200851440429688
2024-12-27,PETR4.SA,30.107980728149414
2024-12-30,PETR4.SA,30.555458068847656
2022-01-03,RENT3.SA,42.41265869140625
2022-01-04,RENT3.SA,42.65435028076172
2022-01-05,RENT3.SA,41.42089080810547
2022-01-06,RENT3.SA,41.57923889160156
2022-01-07,RENT3.SA,41.22919464111328
2022-01-10,RENT3.SA,40.4207878112793
2022-01-11,RENT3.SA,41.00417709350586
2022-01-12,RENT3.SA,41.35421371459961
2022-01-13,RENT3.SA,41.21253204345703
2022-01-14,RENT3.SA,42.72935485839844
2022-01-17,RENT3.SA,42.070960998535156
2022-01-18,RENT3.SA,41.429222106933594
2022-01-19,RENT3.SA,41.5458984375
2022-01-20,RENT3.SA,45.1129264831543
2022-01-21,RENT3.SA,45.75465774536133
2022-01-24,RENT3.SA,44.68789291381836
2022-01-25,RENT3.SA,46.46307373046875
2022-01-26,RENT3.SA,48.238250732421875
2022-01-27,RENT3.SA,48.146583557128906
2022-01-28,RENT3.SA,47.871543884277344
2022-01-31,RENT3.SA,48.83831024169922
2022-02-01,RENT3.SA,48.89664840698242
2022-02-02,RENT3.SA,48.72163009643555
2022-02-03,RENT3.SA,47.92155838012695
2022-02-04,RENT3.SA,47.68819046020508
2022-02-07,RENT3.SA,46.4213981628418
2022-02-08,RENT3.SA,46.76309585571289
2022-02-09,RENT3.SA,47.28815460205078
2022-02-10,RENT3.SA,47.41317367553711
2022-02-11,RENT3.SA,47.79654312133789
2022-02-14,RENT3.SA,48.85498046875
2022-02-15,RENT3.SA,50.49680709838867
2022-02-16,RENT3.SA,50.04677200317383
2022-02-17,RENT3.SA,49.52171325683594
2022-02-18,RENT3.SA,48.704959869384766
2022-02-21,RENT3.SA,48.37992858886719
2022-02-22,RENT3.SA,51.321903228759766
2022-02-23,RENT3.SA,48.6382942199707
2022-02-24,RENT3.SA,48.62162780761719
2022-02-25,RENT3.SA,47.93821334838867
2022-03-02,RENT3.SA,47.13813781738281
2022-03-03,RENT3.SA,46.304718017578125
2022-03-04,RENT3.SA,44.346187591552734
2022-03-07,RENT3.SA,42.504329681396484
2022-03-08,RENT3.SA,43.15439224243164
2022-03-09,RENT3.SA,46.48807144165039
2022-03-10,RENT3.SA,45.88801193237305
2022-03-11,RENT3.SA,44.76289367675781
2022-03-14,RENT3.SA,44.58788299560547
2022-03-15,RENT3.SA,44.287837982177734
2022-03-16,RENT3.SA,44.9879150390625
2022-03-17,RENT3.SA,45.504638671875
2022-03-18,RENT3.SA,46.93811798095703
2022-03-21,RENT3.SA,46.046356201171875
2022-03-22,RENT3.SA,47.82987594604492
2022-03-23,RENT3.SA,47.93821334838867
2022-03-24,RENT3.SA,49.30502700805664
2022-03-25,RENT3.SA,50.69683074951172
2022-03-28,RENT3.SA,51.03019714355469
2022-03-29,RENT3.SA,51.79694366455078
2022-03-30,RENT3.SA,51.459781646728516
2022-03-31,RENT3.SA,51.042083740234375
2022-04-01,RENT3.SA,52.06960678100586
2022-04-04,RENT3.SA,51.81899642944336
2022-04-05,RENT3.SA,50.875003814697266
2022-04-06,RENT3.SA,49.346248626708984
2022-04-07,RENT3.SA,48.611114501953125
2022-04-08,RENT3.SA,48.26023864746094
2022-04-11,RENT3.SA,48.20177459716797
2022-04-12,RENT3.SA,48.44403076171875
2022-04-13,RENT3.SA,48.15999984741211
2022-04-14,RENT3.SA,47.767364501953125
2022-04-18,RENT3.SA,47.87596893310547
2022-04-19,RENT3.SA,48.74477005004883
2022-04-20,RENT3.SA,48.58604049682617
2022-04-22,RENT3.SA,46.69807434082031
2022-04-25,RENT3.SA,46.23861312866211
2022-04-26,RENT3.SA,44.43417739868164
2022-04-27,RENT3.SA,44.86022186279297
2022-04-28,RENT3.SA,45.612064361572266
2022-04-29,RENT3.SA,44.22532653808594
2022-05-02,RENT3.SA,43.220645904541016
2022-05-03,RENT3.SA,44.043575286865234
2022-05-04,RENT3.SA,45.932960510253906
2022-05-05,RENT3.SA,44.715354919433594
2022-05-06,RENT3.SA,43.73287582397461
2022-05-09,RENT3.SA,43.422183990478516
2022-05-10,RENT3.SA,44.1275520324707
2022-05-11,RENT3.SA,45.286373138427734
2022-05-12,RENT3.SA,46.445194244384766
2022-05-13,RENT3.SA,47.116973876953125
2022-05-16,RENT3.SA,46.94062423706055
2022-05-17,RENT3.SA,47.51164627075195
2022-05-18,RENT3.SA,46.52077102661133
2022-05-19,RENT3.SA,46.117698669433594
2022-05-20,RENT3.SA,46.445194244384766
2022-05-23,RENT3.SA,47.108577728271484
2022-05-24,RENT3.SA,46.4116096496582
2022-05-25,RENT3.SA,47.78035354614258
2022-05-26,RENT3.SA,48.58649444580078
2022-05-27,RENT3.SA,49.05673599243164
2022-05-30,RENT3.SA,47.864322662353516
2022-05-31,RENT3.SA,48.30097961425781
2022-06-01,RENT3.SA,48.19181442260742
2022-06-02,RENT3.SA,47.26811599731445
2022-06-03,RENT3.SA,45.90776443481445
2022-06-06,RENT3.SA,44.76573944091797
2022-06-07,RENT3.SA,44.9588737487793
2022-06-08,RENT3.SA,43.707679748535156
2022-06-09,RENT3.SA,44.42985534667969
2022-06-10,RENT3.SA,43.472572326660156
2022-06-13,RENT3.SA,41.04576110839844
2022-06-14,RENT3.SA,41.306087493896484
2022-06-15,RENT3.SA,43.28782653808594
2022-06-17,RENT3.SA,42.322139739990234
2022-06-20,RENT3.SA,41.91067123413086
2022-06-21,RENT3.SA,41.734336853027344
2022-06-22,RENT3.SA,42.372528076171875
2022-06-23,RENT3.SA,42.767189025878906
2022-06-24,RENT3.SA,42.24654769897461
2022-06-27,RENT3.SA,43.39699172973633
2022-06-28,RENT3.SA,43.40538024902344
2022-06-29,RENT3.SA,43.60691833496094
2022-06-30,RENT3.SA,44.00999069213867
2022-07-01,RENT3.SA,44.74684143066406
2022-07-04,RENT3.SA,44.41825485229492
2022-07-05,RENT3.SA,43.8284797668457
2022-07-06,RENT3.SA,44.94062042236328
2022-07-07,RENT3.SA,47.18175506591797
2022-07-08,RENT3.SA,47.05537796020508
2022-07-11,RENT3.SA,45.5303955078125
2022-07-12,RENT3.SA,45.446144104003906
2022-07-13,RENT3.SA,46.47402572631836
2022-07-14,RENT3.SA,45.9179573059082
2022-07-15,RENT3.SA,45.83370590209961
2022-07-18,RENT3.SA,45.74945068359375
2022-07-19,RENT3.SA,45.825279235839844
2022-07-20,RENT3.SA,45.462989807128906
2022-07-21,RENT3.SA,46.179141998291016
2022-07-22,RENT3.SA,46.693092346191406
2022-07-25,RENT3.SA,47.392391204833984
2022-07-26,RENT3.SA,46.29709243774414
2022-07-27,RENT3.SA,48.445556640625
2022-07-28,RENT3.SA,48.479251861572266
2022-07-29,RENT3.SA,48.538230895996094
2022-08-01,RENT3.SA,48.15909194946289
2022-08-02,RENT3.SA,48.38657760620117
2022-08-03,RENT3.SA,49.89469909667969
2022-08-04,RENT3.SA,52.35490798950195
2022-08-05,RENT3.SA,52.36332702636719
2022-08-08,RENT3.SA,53.41648483276367
2022-08-09,RENT3.SA,52.06843566894531
2022-08-10,RENT3.SA,53.795623779296875
2022-08-11,RENT3.SA,53.00364303588867
2022-08-12,RENT3.SA,53.492313385009766
2022-08-15,RENT3.SA,54.10736083984375
2022-08-16,RENT3.SA,53.07948303222656
2022-08-17,RENT3.SA,53.669254302978516
2022-08-18,RENT3.SA,53.9220085144043
2022-08-19,RENT3.SA,52.86884689331055
2022-08-22,RENT3.SA,52.2200927734375
2022-08-23,RENT3.SA,53.30695343017578
2022-08-24,RENT3.SA,53.804046630859375
2022-08-25,RENT3.SA,53.62712478637695
2022-08-26,RENT3.SA,51.85780715942383
2022-08-29,RENT3.SA,51.689300537109375
2022-08-30,RENT3.SA,52.43072509765625
2022-08-31,RENT3.SA,51.24275588989258
2022-09-01,RENT3.SA,52.742462158203125
2022-09-02,RENT3.SA,52.92781448364258
2022-09-05,RENT3.SA,53.50074005126953
2022-09-06,RENT3.SA,52.02630615234375
2022-09-08,RENT3.SA,52.30434036254883
2022-09-09,RENT3.SA,53.30695343017578
2022-09-12,RENT3.SA,54.68028259277344
2022-09-13,RENT3.SA,53.458614349365234
2022-09-14,RENT3.SA,53.82090377807617
2022-09-15,RENT3.SA,52.49812698364258
2022-09-16,RENT3.SA,52.118980407714844
2022-09-19,RENT3.SA,53.30695343017578
2022-09-20,RENT3.SA,54.09893035888672
2022-09-21,RENT3.SA,53.26483154296875
2022-09-22,RENT3.SA,54.84879684448242
2022-09-23,RENT3.SA,54.42752456665039
2022-09-26,RENT3.SA,52.641353607177734
2022-09-27,RENT3.SA,51.56291961669922
2022-09-28,RENT3.SA,51.048973083496094
2022-09-29,RENT3.SA,50.39221954345703
2022-09-30,RENT3.SA,51.79977798461914
2022-10-03,RENT3.SA,54.78447341918945
2022-10-04,RENT3.SA,55.666316986083984
2022-10-05,RENT3.SA,55.97157669067383
2022-10-06,RENT3.SA,56.531211853027344
2022-10-07,RENT3.SA,54.80991744995117
2022-10-10,RENT3.SA,55.403465270996094
2022-10-11,RENT3.SA,55.78504180908203
2022-10-13,RENT3.SA,55.895267486572266
2022-10-14,RENT3.SA,54.776004791259766
2022-10-17,RENT3.SA,56.217472076416016
2022-10-18,RENT3.SA,57.30281448364258
2022-10-19,RENT3.SA,58.65949630737305
2022-10-20,RENT3.SA,57.2349853515625
2022-10-21,RENT3.SA,57.78612518310547
2022-10-24,RENT3.SA,57.44696044921875
2022-10-25,RENT3.SA,55.78504180908203
2022-10-26,RENT3.SA,53.741539001464844
2022-10-27,RENT3.SA,56.41249465942383
2022-10-28,RENT3.SA,56.81949234008789
2022-10-31,RENT3.SA,59.812679290771484
2022-11-01,RENT3.SA,59.84659194946289
2022-11-03,RENT3.SA,61.372859954833984
2022-11-04,RENT3.SA,62.37342071533203
2022-11-07,RENT3.SA,60.44015884399414
2022-11-08,RENT3.SA,60.482547760009766
2022-11-09,RENT3.SA,59.55830383300781
2022-11-10,RENT3.SA,55.064292907714844
2022-11-11,RENT3.SA,54.53858947753906
2022-11-14,RENT3.SA,55.44586181640625
2022-11-16,RENT3.SA,51.37582015991211
2022-11-17,RENT3.SA,51.197750091552734
2022-11-18,RENT3.SA,51.06208419799805
2022-11-21,RENT3.SA,52.249183654785156
2022-11-22,RENT3.SA,51.40125274658203
2022-11-23,RENT3.SA,50.358306884765625
2022-11-24,RENT3.SA,52.062644958496094
2022-11-25,RENT3.SA,49.56973648071289
2022-11-28,RENT3.SA,49.646053314208984
2022-11-29,RENT3.SA,51.23167419433594
2022-11-30,RENT3.SA,50.96033477783203
2022-12-01,RENT3.SA,49.21360778808594
2022-12-02,RENT3.SA,49.917381286621094
2022-12-05,RENT3.SA,47.76365661621094
2022-12-06,RENT3.SA,47.56014633178711
2022-12-07,RENT3.SA,47.32273483276367
2022-12-08,RENT3.SA,45.5081672668457
2022-12-09,RENT3.SA,44.77894973754883
2022-12-12,RENT3.SA,43.68513488769531
2022-12-13,RENT3.SA,41.93840789794922
2022-12-14,RENT3.SA,42.58283233642578
2022-12-15,RENT3.SA,42.66762161254883
2022-12-16,RENT3.SA,42.141902923583984
2022-12-19,RENT3.SA,43.84623336791992
2022-12-20,RENT3.SA,45.78799057006836
2022-12-21,RENT3.SA,45.06725311279297
2022-12-22,RENT3.SA,45.3343505859375
2022-12-23,RENT3.SA,47.81258010864258
2022-12-26,RENT3.SA,46.50510025024414
2022-12-27,RENT3.SA,44.770347595214844
2022-12-28,RENT3.SA,46.394004821777344
2022-12-29,RENT3.SA,45.46253967285156
2023-01-02,RENT3.SA,43.796146392822266
2023-01-03,RENT3.SA,42.71940231323242
2023-01-04,RENT3.SA,43.223594665527344
2023-01-05,RENT3.SA,43.58251190185547
2023-01-06,RENT3.SA,44.41143035888672
2023-01-09,RENT3.SA,44.36015701293945
2023-01-10,RENT3.SA,45.78726577758789
2023-01-11,RENT3.SA,47.0178337097168
2023-01-12,RENT3.SA,46.59910583496094
2023-01-13,RENT3.SA,45.89836120605469
2023-01-16,RENT3.SA,45.93254852294922
2023-01-17,RENT3.SA,47.504940032958984
2023-01-18,RENT3.SA,49.52169418334961
2023-01-19,RENT3.SA,48.632957458496094
2023-01-20,RENT3.SA,47.17166519165039
2023-01-23,RENT3.SA,48.1373176574707
2023-01-24,RENT3.SA,49.7609748840332
2023-01-25,RENT3.SA,50.58134460449219
2023-01-26,RENT3.SA,50.666805267333984
2023-01-27,RENT3.SA,50.282249450683594
2023-01-30,RENT3.SA,49.991703033447266
2023-01-31,RENT3.SA,50.59843826293945
2023-02-01,RENT3.SA,50.017333984375
2023-02-02,RENT3.SA,51.4017219543457
2023-02-03,RENT3.SA,49.504608154296875
2023-02-06,RENT3.SA,49.402061462402344
2023-02-07,RENT3.SA,48.95768356323242
2023-02-08,RENT3.SA,50.03443145751953
2023-02-09,RENT3.SA,48.4278564453125
2023-02-10,RENT3.SA,48.54750061035156
2023-02-13,RENT3.SA,48.368038177490234
2023-02-14,RENT3.SA,47.39384078979492
2023-02-15,RENT3.SA,48.3851318359375
2023-02-16,RENT3.SA,49.64133834838867
2023-02-17,RENT3.SA,49.29950714111328
2023-02-22,RENT3.SA,47.46220779418945
2023-02-23,RENT3.SA,47.282745361328125
2023-02-24,RENT3.SA,47.00074768066406
2023-02-27,RENT3.SA,46.846927642822266
2023-02-28,RENT3.SA,47.41947937011719
2023-03-01,RENT3.SA,45.565086364746094
2023-03-02,RENT3.SA,45.41127014160156
2023-03-03,RENT3.SA,45.24889373779297
2023-03-06,RENT3.SA,45.582183837890625
2023-03-07,RENT3.SA,45.64199447631836
2023-03-08,RENT3.SA,47.85530471801758
2023-03-09,RENT3.SA,47.82112503051758
2023-03-10,RENT3.SA,46.9238395690918
2023-03-13,RENT3.SA,46.77854919433594
2023-03-14,RENT3.SA,44.872894287109375
2023-03-15,RENT3.SA,45.2061653137207
2023-03-16,RENT3.SA,47.67584991455078
2023-03-17,RENT3.SA,45.92399978637695
2023-03-20,RENT3.SA,45.3429069519043
2023-03-21,RENT3.SA,44.49687957763672
2023-03-22,RENT3.SA,44.437068939208984
2023-03-23,RENT3.SA,42.77922439575195
2023-03-24,RENT3.SA,43.83032989501953
2023-03-27,RENT3.SA,44.32597732543945
2023-03-28,RENT3.SA,45.67618179321289
2023-03-29,RENT3.SA,45.756446838378906
2023-03-30,RENT3.SA,47.39306640625
2023-03-31,RENT3.SA,45.99763488769531
2023-04-03,RENT3.SA,44.877845764160156
2023-04-04,RENT3.SA,45.81673812866211
2023-04-05,RENT3.SA,45.489418029785156
2023-04-06,RENT3.SA,44.998435974121094
2023-04-10,RENT3.SA,44.817543029785156
2023-04-11,RENT3.SA,48.92632293701172
2023-04-12,RENT3.SA,49.5292854309082
2023-04-13,RENT3.SA,49.91691207885742
2023-04-14,RENT3.SA,49.468994140625
2023-04-17,RENT3.SA,49.85661697387695
2023-04-18,RENT3.SA,48.98662567138672
2023-04-19,RENT3.SA,47.24664306640625
2023-04-20,RENT3.SA,48.685142517089844
2023-04-24,RENT3.SA,48.66790771484375
2023-04-25,RENT3.SA,48.40950012207031
2023-04-26,RENT3.SA,48.754051208496094
2023-04-27,RENT3.SA,49.649879455566406
2023-04-28,RENT3.SA,49.96859359741211
2023-05-02,RENT3.SA,48.263057708740234
2023-05-03,RENT3.SA,48.797119140625
2023-05-04,RENT3.SA,49.61542892456055
2023-05-05,RENT3.SA,50.26145553588867
2023-05-08,RENT3.SA,50.11502456665039
2023-05-09,RENT3.SA,50.76106643676758
2023-05-10,RENT3.SA,51.725807189941406
2023-05-11,RENT3.SA,53.26767349243164
2023-05-12,RENT3.SA,53.00065231323242
2023-05-15,RENT3.SA,52.768070220947266
2023-05-16,RENT3.SA,52.656089782714844
2023-05-17,RENT3.SA,53.62084197998047
2023-05-18,RENT3.SA,54.215187072753906
2023-05-19,RENT3.SA,54.533905029296875
2023-05-22,RENT3.SA,54.533905029296875
2023-05-23,RENT3.SA,54.266876220703125
2023-05-24,RENT3.SA,53.991233825683594
2023-05-25,RENT3.SA,55.076568603515625
2023-05-26,RENT3.SA,55.3349723815918
2023-05-29,RENT3.SA,55.32637023925781
2023-05-30,RENT3.SA,54.447757720947266
2023-05-31,RENT3.SA,53.43994903564453
2023-06-01,RENT3.SA,56.4461555480957
2023-06-02,RENT3.SA,56.980220794677734
2023-06-05,RENT3.SA,57.273094177246094
2023-06-06,RENT3.SA,58.4014892578125
2023-06-07,RENT3.SA,58.186153411865234
2023-06-09,RENT3.SA,58.72881317138672
2023-06-12,RENT3.SA,57.91050338745117
2023-06-13,RENT3.SA,56.695960998535156
2023-06-14,RENT3.SA,57.78130340576172
2023-06-15,RENT3.SA,57.40229415893555
2023-06-16,RENT3.SA,56.05853271484375
2023-06-19,RENT3.SA,58.2464485168457
2023-06-20,RENT3.SA,57.77268981933594
2023-06-21,RENT3.SA,58.03970718383789
2023-06-22,RENT3.SA,58.44455337524414
2023-06-23,RENT3.SA,58.14307403564453
2023-06-26,RENT3.SA,58.14307403564453
2023-06-27,RENT3.SA,57.34198760986328
2023-06-28,RENT3.SA,57.15249252319336
2023-06-29,RENT3.SA,58.832183837890625
2023-06-30,RENT3.SA,59.004451751708984
2023-07-03,RENT3.SA,59.851566314697266
2023-07-04,RENT3.SA,59.69572830200195
2023-07-05,RENT3.SA,60.500911712646484
2023-07-06,RENT3.SA,59.955474853515625
2023-07-07,RENT3.SA,60.72601318359375
2023-07-10,RENT3.SA,60.37104415893555
2023-07-11,RENT3.SA,60.14594650268555
2023-07-12,RENT3.SA,60.77794647216797
2023-07-13,RENT3.SA,60.70869827270508
2023-07-14,RENT3.SA,59.28881072998047
2023-07-17,RENT3.SA,60.068016052246094
2023-07-18,RENT3.SA,59.94680404663086
2023-07-19,RENT3.SA,60.13728332519531
2023-07-20,RENT3.SA,60.58747100830078
2023-07-21,RENT3.SA,60.89051818847656
2023-07-24,RENT3.SA,60.21519470214844
2023-07-25,RENT3.SA,59.011756896972656
2023-07-26,RENT3.SA,58.9165153503418
2023-07-27,RENT3.SA,57.27154541015625
2023-07-28,RENT3.SA,57.7823486328125
2023-07-31,RENT3.SA,58.19792556762695
2023-08-01,RENT3.SA,58.44034194946289
2023-08-02,RENT3.SA,58.57021713256836
2023-08-03,RENT3.SA,57.765037536621094
2023-08-04,RENT3.SA,58.0247802734375
2023-08-07,RENT3.SA,57.47933578491211
2023-08-08,RENT3.SA,57.46201705932617
2023-08-09,RENT3.SA,57.33214569091797
2023-08-10,RENT3.SA,57.617855072021484
2023-08-11,RENT3.SA,57.669795989990234
2023-08-14,RENT3.SA,55.64387512207031
2023-08-15,RENT3.SA,56.26723098754883
2023-08-16,RENT3.SA,55.48802947998047
2023-08-17,RENT3.SA,54.327880859375
2023-08-18,RENT3.SA,54.51835250854492
2023-08-21,RENT3.SA,54.1114387512207
2023-08-22,RENT3.SA,56.016151428222656
2023-08-23,RENT3.SA,57.48799133300781
2023-08-24,RENT3.SA,56.73474884033203
2023-08-25,RENT3.SA,54.552978515625
2023-08-28,RENT3.SA,54.423118591308594
2023-08-29,RENT3.SA,55.09842300415039
2023-08-30,RENT3.SA,54.95124816894531
2023-08-31,RENT3.SA,54.76076889038086
2023-09-01,RENT3.SA,55.17634582519531
2023-09-04,RENT3.SA,54.84735107421875
2023-09-05,RENT3.SA,53.8603630065918
2023-09-06,RENT3.SA,52.457786560058594
2023-09-08,RENT3.SA,52.25000762939453
2023-09-11,RENT3.SA,53.020545959472656
2023-09-12,RENT3.SA,53.82572555541992
2023-09-13,RENT3.SA,54.48371505737305
2023-09-14,RENT3.SA,53.5226936340332
2023-09-15,RENT3.SA,52.20671081542969
2023-09-18,RENT3.SA,51.91234588623047
2023-09-19,RENT3.SA,51.86039733886719
2023-09-20,RENT3.SA,51.73053741455078
2023-09-21,RENT3.SA,50.65696716308594
2023-09-22,RENT3.SA,50.34527587890625
2023-09-25,RENT3.SA,50.10286331176758
2023-09-26,RENT3.SA,49.64399719238281
2023-09-27,RENT3.SA,48.994651794433594
2023-09-28,RENT3.SA,49.87176513671875
2023-09-29,RENT3.SA,51.12903594970703
2023-10-02,RENT3.SA,49.33043670654297
2023-10-03,RENT3.SA,48.10809326171875
2023-10-04,RENT3.SA,48.49225997924805
2023-10-05,RENT3.SA,48.45733642578125
2023-10-06,RENT3.SA,47.63661193847656
2023-10-09,RENT3.SA,47.758853912353516
2023-10-10,RENT3.SA,48.95500183105469
2023-10-11,RENT3.SA,48.535911560058594
2023-10-13,RENT3.SA,46.964324951171875
2023-10-16,RENT3.SA,46.58015441894531
2023-10-17,RENT3.SA,46.265838623046875
2023-10-18,RENT3.SA,44.589481353759766
2023-10-19,RENT3.SA,44.589481353759766
2023-10-20,RENT3.SA,44.52836227416992
2023-10-23,RENT3.SA,45.15699768066406
2023-10-24,RENT3.SA,45.934059143066406
2023-10-25,RENT3.SA,44.84267807006836
2023-10-26,RENT3.SA,45.61101531982422
2023-10-27,RENT3.SA,44.039424896240234
2023-10-30,RENT3.SA,43.9259147644043
2023-10-31,RENT3.SA,44.414859771728516
2023-11-01,RENT3.SA,45.33161926269531
2023-11-03,RENT3.SA,47.854888916015625
2023-11-06,RENT3.SA,47.156410217285156
2023-11-07,RENT3.SA,48.31764602661133
2023-11-08,RENT3.SA,48.45733642578125
2023-11-09,RENT3.SA,48.23906707763672
2023-11-10,RENT3.SA,49.48760223388672
2023-11-13,RENT3.SA,48.282718658447266
2023-11-14,RENT3.SA,51.513206481933594
2023-11-16,RENT3.SA,53.17210388183594
2023-11-17,RENT3.SA,53.08479309082031
2023-11-20,RENT3.SA,53.15463638305664
2023-11-21,RENT3.SA,52.42123031616211
2023-11-22,RENT3.SA,52.56092834472656
2023-11-23,RENT3.SA,53.01494216918945
2023-11-24,RENT3.SA,52.21168518066406
2023-11-27,RENT3.SA,51.513206481933594
2023-11-28,RENT3.SA,51.565582275390625
2023-11-29,RENT3.SA,51.714019775390625
2023-11-30,RENT3.SA,52.42123031616211
2023-12-01,RENT3.SA,53.032405853271484
2023-12-04,RENT3.SA,52.95382308959961
2023-12-05,RENT3.SA,53.08479309082031
2023-12-06,RENT3.SA,53.320526123046875
2023-12-07,RENT3.SA,53.687232971191406
2023-12-08,RENT3.SA,53.32925796508789
2023-12-11,RENT3.SA,53.372920989990234
2023-12-12,RENT3.SA,52.84031295776367
2023-12-13,RENT3.SA,54.9357795715332
2023-12-14,RENT3.SA,57.022499084472656
2023-12-15,RENT3.SA,55.91365432739258
2023-12-18,RENT3.SA,56.2017707824707
2023-12-19,RENT3.SA,56.18431854248047
2023-12-20,RENT3.SA,55.1889762878418
2023-12-21,RENT3.SA,56.34148025512695
2023-12-22,RENT3.SA,56.332740783691406
2023-12-26,RENT3.SA,56.05335235595703
2023-12-27,RENT3.SA,55.92097473144531
2023-12-28,RENT3.SA,55.92097473144531
2024-01-02,RENT3.SA,53.86349105834961
2024-01-03,RENT3.SA,53.54697036743164
2024-01-04,RENT3.SA,52.430301666259766
2024-01-05,RENT3.SA,53.19527053833008
2024-01-08,RENT3.SA,55.21757125854492
2024-01-09,RENT3.SA,54.698795318603516
2024-01-10,RENT3.SA,55.39341735839844
2024-01-11,RENT3.SA,53.64368438720703
2024-01-12,RENT3.SA,53.634891510009766
2024-01-15,RENT3.SA,53.793155670166016
2024-01-16,RENT3.SA,53.0018310546875
2024-01-17,RENT3.SA,53.58213424682617
2024-01-18,RENT3.SA,52.192909240722656
2024-01-19,RENT3.SA,52.83476257324219
2024-01-22,RENT3.SA,51.62138748168945
2024-01-23,RENT3.SA,52.06980895996094
2024-01-24,RENT3.SA,51.55104446411133
2024-01-25,RENT3.SA,51.31365203857422
2024-01-26,RENT3.SA,49.449615478515625
2024-01-29,RENT3.SA,48.75499725341797
2024-01-30,RENT3.SA,47.91090774536133
2024-01-31,RENT3.SA,47.58558654785156
2024-02-01,RENT3.SA,47.90211486816406
2024-02-02,RENT3.SA,47.09320068359375
2024-02-05,RENT3.SA,47.251461029052734
2024-02-06,RENT3.SA,46.32823944091797
2024-02-07,RENT3.SA,47.05802536010742
2024-02-08,RENT3.SA,46.29307556152344
2024-02-09,RENT3.SA,46.16117477416992
2024-02-14,RENT3.SA,45.721553802490234
2024-02-15,RENT3.SA,45.83586120605469
2024-02-16,RENT3.SA,45.598453521728516
2024-02-19,RENT3.SA,46.21393585205078
2024-02-20,RENT3.SA,47.51523971557617
2024-02-21,RENT3.SA,47.43611145019531
2024-02-22,RENT3.SA,47.049232482910156
2024-02-23,RENT3.SA,46.76787185668945
2024-02-26,RENT3.SA,45.800682067871094
2024-02-27,RENT3.SA,47.91969680786133
2024-02-28,RENT3.SA,47.356971740722656
2024-02-29,RENT3.SA,46.600807189941406
2024-03-01,RENT3.SA,46.16117477416992
2024-03-04,RENT3.SA,44.99176025390625
2024-03-05,RENT3.SA,44.68402862548828
2024-03-06,RENT3.SA,45.132442474365234
2024-03-07,RENT3.SA,46.75028610229492
2024-03-08,RENT3.SA,46.73270034790039
2024-03-11,RENT3.SA,45.985321044921875
2024-03-12,RENT3.SA,47.12836837768555
2024-03-13,RENT3.SA,47.91969680786133
2024-03-14,RENT3.SA,47.409732818603516
2024-03-15,RENT3.SA,46.424957275390625
2024-03-18,RENT3.SA,46.187557220458984
2024-03-19,RENT3.SA,46.820621490478516
2024-03-20,RENT3.SA,48.095558166503906
2024-03-21,RENT3.SA,47.330596923828125
2024-03-22,RENT3.SA,46.46892547607422
2024-03-25,RENT3.SA,46.16117477416992
2024-03-26,RENT3.SA,47.41851806640625
2024-03-27,RENT3.SA,47.409732818603516
2024-03-28,RENT3.SA,48.077964782714844
2024-04-01,RENT3.SA,46.29307556152344
2024-04-02,RENT3.SA,46.44606399536133
2024-04-03,RENT3.SA,45.92349624633789
2024-04-04,RENT3.SA,47.30519485473633
2024-04-05,RENT3.SA,47.101478576660156
2024-04-08,RENT3.SA,47.73918914794922
2024-04-09,RENT3.SA,48.996883392333984
2024-04-10,RENT3.SA,47.46461868286133
2024-04-11,RENT3.SA,47.19004821777344
2024-04-12,RENT3.SA,45.92349624633789
2024-04-15,RENT3.SA,44.798667907714844
2024-04-16,RENT3.SA,44.34695816040039
2024-04-17,RENT3.SA,44.28496551513672
2024-04-18,RENT3.SA,45.090946197509766
2024-04-19,RENT3.SA,44.52409362792969
2024-04-22,RENT3.SA,43.87752914428711
2024-04-23,RENT3.SA,44.497528076171875
2024-04-24,RENT3.SA,43.85981750488281
2024-04-25,RENT3.SA,43.16897201538086
2024-04-26,RENT3.SA,44.72780990600586
2024-04-29,RENT3.SA,44.772090911865234
2024-04-30,RENT3.SA,43.42582702636719
2024-05-02,RENT3.SA,42.965267181396484
2024-05-03,RENT3.SA,44.17867660522461
2024-05-06,RENT3.SA,43.29297637939453
2024-05-07,RENT3.SA,43.957252502441406
2024-05-08,RENT3.SA,44.44438171386719
2024-05-09,RENT3.SA,43.886390686035156
2024-05-10,RENT3.SA,41.62786865234375
2024-05-13,RENT3.SA,41.00786590576172
2024-05-14,RENT3.SA,41.62786865234375
2024-05-15,RENT3.SA,42.40727233886719
2024-05-16,RENT3.SA,43.07154846191406
2024-05-17,RENT3.SA,42.86783218383789
2024-05-20,RENT3.SA,42.44270324707031
2024-05-21,RENT3.SA,41.291297912597656
2024-05-22,RENT3.SA,40.56502151489258
2024-05-23,RENT3.SA,40.4764518737793
2024-05-24,RENT3.SA,40.21073913574219
2024-05-27,RENT3.SA,39.803314208984375
2024-05-28,RENT3.SA,39.466758728027344
2024-05-29,RENT3.SA,38.970760345458984
2024-05-31,RENT3.SA,37.84592819213867
2024-06-03,RENT3.SA,37.77507400512695
2024-06-04,RENT3.SA,37.943355560302734
2024-06-05,RENT3.SA,38.102779388427734
2024-06-06,RENT3.SA,38.70505142211914
2024-06-07,RENT3.SA,37.86363220214844
2024-06-10,RENT3.SA,37.07536697387695
2024-06-11,RENT3.SA,36.80080032348633
2024-06-12,RENT3.SA,36.33137512207031
2024-06-13,RENT3.SA,35.5873908996582
2024-06-14,RENT3.SA,35.799957275390625
2024-06-17,RENT3.SA,34.89654541015625
2024-06-18,RENT3.SA,34.67512130737305
2024-06-19,RENT3.SA,35.362247467041016
2024-06-20,RENT3.SA,35.026390075683594
2024-06-21,RENT3.SA,36.85593032836914
2024-06-24,RENT3.SA,37.28017807006836
2024-06-25,RENT3.SA,37.32435989379883
2024-06-26,RENT3.SA,37.474609375
2024-06-27,RENT3.SA,38.31258010864258
2024-06-28,RENT3.SA,37.55259323120117
2024-07-01,RENT3.SA,37.346946716308594
2024-07-02,RENT3.SA,37.28435516357422
2024-07-03,RENT3.SA,37.68671417236328
2024-07-04,RENT3.SA,38.98316955566406
2024-07-05,RENT3.SA,39.10834884643555
2024-07-08,RENT3.SA,39.0189323425293
2024-07-09,RENT3.SA,39.71632766723633
2024-07-10,RENT3.SA,40.45844650268555
2024-07-11,RENT3.SA,41.665489196777344
2024-07-12,RENT3.SA,41.75490951538086
2024-07-15,RENT3.SA,41.522438049316406
2024-07-16,RENT3.SA,41.00385665893555
2024-07-17,RENT3.SA,40.35115432739258
2024-07-18,RENT3.SA,38.8669319152832
2024-07-19,RENT3.SA,38.81328582763672
2024-07-22,RENT3.SA,38.40199661254883
2024-07-23,RENT3.SA,38.78646469116211
2024-07-24,RENT3.SA,38.71493148803711
2024-07-25,RENT3.SA,38.5003547668457
2024-07-26,RENT3.SA,39.27822494506836
2024-07-29,RENT3.SA,38.089054107666016
2024-07-30,RENT3.SA,37.58835983276367
2024-07-31,RENT3.SA,39.188812255859375
2024-08-01,RENT3.SA,39.126216888427734
2024-08-02,RENT3.SA,40.30644989013672
2024-08-05,RENT3.SA,39.28716278076172
2024-08-06,RENT3.SA,39.82362747192383
2024-08-07,RENT3.SA,43.40900802612305
2024-08-08,RENT3.SA,43.33747863769531
2024-08-09,RENT3.SA,43.6772346496582
2024-08-12,RENT3.SA,44.00806427001953
2024-08-13,RENT3.SA,43.006656646728516
2024-08-14,RENT3.SA,35.76437759399414
2024-08-15,RENT3.SA,35.04908752441406
2024-08-16,RENT3.SA,38.089054107666016
2024-08-19,RENT3.SA,39.56433868408203
2024-08-20,RENT3.SA,38.41987228393555
2024-08-21,RENT3.SA,39.07258224487305
2024-08-22,RENT3.SA,37.498939514160156
2024-08-23,RENT3.SA,37.820831298828125
2024-08-26,RENT3.SA,37.802940368652344
2024-08-27,RENT3.SA,38.35729217529297
2024-08-28,RENT3.SA,37.9996452331543
2024-08-29,RENT3.SA,37.329063415527344
2024-08-30,RENT3.SA,36.98929977416992
2024-09-02,RENT3.SA,36.88201141357422
2024-09-03,RENT3.SA,36.39025115966797
2024-09-04,RENT3.SA,37.4900016784668
2024-09-05,RENT3.SA,37.9907112121582
2024-09-06,RENT3.SA,37.570472717285156
2024-09-09,RENT3.SA,37.15024185180664
2024-09-10,RENT3.SA,37.55259323120117
2024-09-11,RENT3.SA,37.87446975708008
2024-09-12,RENT3.SA,37.776123046875
2024-09-13,RENT3.SA,39.519630432128906
2024-09-16,RENT3.SA,39.15304946899414
2024-09-17,RENT3.SA,39.6001091003418
2024-09-18,RENT3.SA,40.07398223876953
2024-09-19,RENT3.SA,39.61798858642578
2024-09-20,RENT3.SA,38.446693420410156
2024-09-23,RENT3.SA,38.18741226196289
2024-09-24,RENT3.SA,38.51823425292969
2024-09-25,RENT3.SA,37.4453010559082
2024-09-26,RENT3.SA,37.73374557495117
2024-09-27,RENT3.SA,37.34556579589844
2024-09-30,RENT3.SA,37.011566162109375
2024-10-01,RENT3.SA,37.101837158203125
2024-10-02,RENT3.SA,37.72471618652344
2024-10-03,RENT3.SA,36.56020736694336
2024-10-04,RENT3.SA,37.82401657104492
2024-10-07,RENT3.SA,37.39071273803711
2024-10-08,RENT3.SA,38.69062805175781
2024-10-09,RENT3.SA,37.44487380981445
2024-10-10,RENT3.SA,37.11988830566406
2024-10-11,RENT3.SA,37.53514099121094
2024-10-14,RENT3.SA,38.329532623291016
2024-10-15,RENT3.SA,38.473968505859375
2024-10-16,RENT3.SA,38.952423095703125
2024-10-17,RENT3.SA,38.50105285644531
2024-10-18,RENT3.SA,38.13996887207031
2024-10-21,RENT3.SA,38.38370132446289
2024-10-22,RENT3.SA,38.41078186035156
2024-10-23,RENT3.SA,38.248291015625
2024-10-24,RENT3.SA,39.26836395263672
2024-10-25,RENT3.SA,38.031639099121094
2024-10-28,RENT3.SA,38.257320404052734
2024-10-29,RENT3.SA,38.0496940612793
2024-10-30,RENT3.SA,38.48300552368164
2024-10-31,RENT3.SA,37.932342529296875
2024-11-01,RENT3.SA,36.7949104309082
2024-11-04,RENT3.SA,38.2753791809082
2024-11-05,RENT3.SA,38.21218490600586
2024-11-06,RENT3.SA,38.50105285644531
2024-11-07,RENT3.SA,37.95941925048828
2024-11-08,RENT3.SA,36.92129135131836
2024-11-11,RENT3.SA,38.4288330078125
2024-11-12,RENT3.SA,41.03770446777344
2024-11-13,RENT3.SA,40.78493881225586
2024-11-14,RENT3.SA,40.37871551513672
2024-11-18,RENT3.SA,39.13296127319336
2024-11-19,RENT3.SA,39.620426177978516
2024-11-21,RENT3.SA,39.30447769165039
2024-11-22,RENT3.SA,39.900272369384766
2024-11-25,RENT3.SA,39.29545211791992
2024-11-26,RENT3.SA,39.79195022583008
2024-11-27,RENT3.SA,37.508060455322266
2024-11-28,RENT3.SA,35.20612716674805
2024-11-29,RENT3.SA,33.92426300048828
2024-12-02,RENT3.SA,33.05764389038086
2024-12-03,RENT3.SA,33.509010314941406
2024-12-04,RENT3.SA,32.732666015625
2024-12-05,RENT3.SA,33.40067672729492
2024-12-06,RENT3.SA,31.432748794555664
2024-12-09,RENT3.SA,30.19601821899414
2024-12-10,RENT3.SA,31.080684661865234
2024-12-11,RENT3.SA,31.983407974243164
2024-12-12,RENT3.SA,30.466833114624023
2024-12-13,RENT3.SA,29.094701766967773
2024-12-16,RENT3.SA,27.722564697265625
2024-12-17,RENT3.SA,28.146846771240234
2024-12-18,RENT3.SA,27.37373161315918
2024-12-19,RENT3.SA,29.769962310791016
2024-12-20,RENT3.SA,30.803447723388672
2024-12-23,RENT3.SA,30.071779251098633
2024-12-26,RENT3.SA,29.751667022705078
2024-12-27,RENT3.SA,29.724231719970703
2024-12-30,RENT3.SA,29.449853897094727
2022-01-03,SUZB3.SA,52.033111572265625
2022-01-04,SUZB3.SA,53.16825485229492
2022-01-05,SUZB3.SA,52.565757751464844
2022-01-06,SUZB3.SA,52.14662551879883
2022-01-07,SUZB3.SA,51.797359466552734
2022-01-10,SUZB3.SA,51.675106048583984
2022-01-11,SUZB3.SA,51.9807243347168
2022-01-12,SUZB3.SA,53.80567932128906
2022-01-13,SUZB3.SA,54.600276947021484
2022-01-14,SUZB3.SA,54.80984878540039
2022-01-17,SUZB3.SA,54.16368865966797
2022-01-18,SUZB3.SA,54.879695892333984
2022-01-19,SUZB3.SA,54.6509895324707
2022-01-20,SUZB3.SA,53.29024887084961
2022-01-21,SUZB3.SA,52.6540412902832
2022-01-24,SUZB3.SA,51.443511962890625
2022-01-25,SUZB3.SA,50.10926055908203
2022-01-26,SUZB3.SA,49.16380310058594
2022-01-27,SUZB3.SA,51.68208312988281
2022-01-28,SUZB3.SA,52.39780044555664
2022-01-31,SUZB3.SA,52.309444427490234
2022-02-01,SUZB3.SA,52.69822692871094
2022-02-02,SUZB3.SA,52.37129592895508
2022-02-03,SUZB3.SA,52.1945686340332
2022-02-04,SUZB3.SA,53.528812408447266
2022-02-07,SUZB3.SA,53.50231170654297
2022-02-08,SUZB3.SA,53.42277908325195
2022-02-09,SUZB3.SA,53.54648971557617
2022-02-10,SUZB3.SA,51.56721115112305
2022-02-11,SUZB3.SA,51.001705169677734
2022-02-14,SUZB3.SA,51.56721115112305
2022-02-15,SUZB3.SA,50.60408401489258
2022-02-16,SUZB3.SA,50.612918853759766
2022-02-17,SUZB3.SA,51.169586181640625
2022-02-18,SUZB3.SA,50.40085220336914
2022-02-21,SUZB3.SA,50.30365753173828
2022-02-22,SUZB3.SA,50.330162048339844
2022-02-23,SUZB3.SA,47.255218505859375
2022-02-24,SUZB3.SA,47.65283966064453
2022-02-25,SUZB3.SA,48.66014862060547
2022-03-02,SUZB3.SA,48.59830093383789
2022-03-03,SUZB3.SA,47.47611999511719
2022-03-04,SUZB3.SA,50.65709686279297
2022-03-07,SUZB3.SA,51.31980514526367
2022-03-08,SUZB3.SA,51.19609451293945
2022-03-09,SUZB3.SA,52.20341110229492
2022-03-10,SUZB3.SA,53.749717712402344
2022-03-11,SUZB3.SA,53.97062301635742
2022-03-14,SUZB3.SA,52.857276916503906
2022-03-15,SUZB3.SA,51.74393081665039
2022-03-16,SUZB3.SA,53.55532455444336
2022-03-17,SUZB3.SA,54.42125701904297
2022-03-18,SUZB3.SA,56.77164840698242
2022-03-21,SUZB3.SA,54.66866683959961
2022-03-22,SUZB3.SA,54.13850402832031
2022-03-23,SUZB3.SA,52.84844207763672
2022-03-24,SUZB3.SA,53.34325408935547
2022-03-25,SUZB3.SA,50.14460372924805
2022-03-28,SUZB3.SA,50.807308197021484
2022-03-29,SUZB3.SA,50.100433349609375
2022-03-30,SUZB3.SA,50.515716552734375
2022-03-31,SUZB3.SA,48.7308349609375
2022-04-01,SUZB3.SA,47.900245666503906
2022-04-04,SUZB3.SA,47.82072448730469
2022-04-05,SUZB3.SA,47.86490249633789
2022-04-06,SUZB3.SA,48.89872360229492
2022-04-07,SUZB3.SA,48.12998962402344
2022-04-08,SUZB3.SA,48.156494140625
2022-04-11,SUZB3.SA,47.88257598876953
2022-04-12,SUZB3.SA,47.272891998291016
2022-04-13,SUZB3.SA,47.529136657714844
2022-04-14,SUZB3.SA,47.37008285522461
2022-04-18,SUZB3.SA,46.03583908081055
2022-04-19,SUZB3.SA,46.38045120239258
2022-04-20,SUZB3.SA,45.93864440917969
2022-04-22,SUZB3.SA,45.56753158569336
2022-04-25,SUZB3.SA,45.72657775878906
2022-04-26,SUZB3.SA,44.79879379272461
2022-04-27,SUZB3.SA,44.71043395996094
2022-04-28,SUZB3.SA,45.04620361328125
2022-04-29,SUZB3.SA,43.835670471191406
2022-05-02,SUZB3.SA,45.12572479248047
2022-05-03,SUZB3.SA,45.293609619140625
2022-05-04,SUZB3.SA,45.912139892578125
2022-05-05,SUZB3.SA,47.14809036254883
2022-05-06,SUZB3.SA,46.298980712890625
2022-05-09,SUZB3.SA,45.02083969116211
2022-05-10,SUZB3.SA,43.84101867675781
2022-05-11,SUZB3.SA,44.01084518432617
2022-05-12,SUZB3.SA,43.572879791259766
2022-05-13,SUZB3.SA,46.10234451293945
2022-05-16,SUZB3.SA,45.8878288269043
2022-05-17,SUZB3.SA,47.02296447753906
2022-05-18,SUZB3.SA,45.51243209838867
2022-05-19,SUZB3.SA,45.3604850769043
2022-05-20,SUZB3.SA,45.89676284790039
2022-05-23,SUZB3.SA,46.55817794799805
2022-05-24,SUZB3.SA,46.59393310546875
2022-05-25,SUZB3.SA,45.753761291503906
2022-05-26,SUZB3.SA,47.65755844116211
2022-05-27,SUZB3.SA,47.88995361328125
2022-05-30,SUZB3.SA,47.96145248413086
2022-05-31,SUZB3.SA,47.81844711303711
2022-06-01,SUZB3.SA,48.06871032714844
2022-06-02,SUZB3.SA,48.28322219848633
2022-06-03,SUZB3.SA,47.2195930480957
2022-06-06,SUZB3.SA,47.737998962402344
2022-06-07,SUZB3.SA,48.5245475769043
2022-06-08,SUZB3.SA,46.98720932006836
2022-06-09,SUZB3.SA,46.343666076660156
2022-06-10,SUZB3.SA,46.200660705566406
2022-06-13,SUZB3.SA,46.52242660522461
2022-06-14,SUZB3.SA,45.3157958984375
2022-06-15,SUZB3.SA,44.7884521484375
2022-06-17,SUZB3.SA,43.876773834228516
2022-06-20,SUZB3.SA,43.805267333984375
2022-06-21,SUZB3.SA,43.46562576293945
2022-06-22,SUZB3.SA,42.11598205566406
2022-06-23,SUZB3.SA,40.784217834472656
2022-06-24,SUZB3.SA,42.76845932006836
2022-06-27,SUZB3.SA,43.6890754699707
2022-06-28,SUZB3.SA,44.180667877197266
2022-06-29,SUZB3.SA,43.66225814819336
2022-06-30,SUZB3.SA,44.413055419921875
2022-07-01,SUZB3.SA,45.09234619140625
2022-07-04,SUZB3.SA,45.02083969116211
2022-07-05,SUZB3.SA,43.70695495605469
2022-07-06,SUZB3.SA,44.09128952026367
2022-07-07,SUZB3.SA,43.78739547729492
2022-07-08,SUZB3.SA,42.536067962646484
2022-07-11,SUZB3.SA,42.598636627197266
2022-07-12,SUZB3.SA,42.545005798339844
2022-07-13,SUZB3.SA,41.34730911254883
2022-07-14,SUZB3.SA,40.22112274169922
2022-07-15,SUZB3.SA,39.273685455322266
2022-07-18,SUZB3.SA,39.11280059814453
2022-07-19,SUZB3.SA,41.07023620605469
2022-07-20,SUZB3.SA,40.22112274169922
2022-07-21,SUZB3.SA,40.79315185546875
2022-07-22,SUZB3.SA,41.92828369140625
2022-07-25,SUZB3.SA,41.24005126953125
2022-07-26,SUZB3.SA,40.68589782714844
2022-07-27,SUZB3.SA,41.874656677246094
2022-07-28,SUZB3.SA,41.96403503417969
2022-07-29,SUZB3.SA,43.16172790527344
2022-08-01,SUZB3.SA,42.428810119628906
2022-08-02,SUZB3.SA,42.77739715576172
2022-08-03,SUZB3.SA,42.30368423461914
2022-08-04,SUZB3.SA,42.169612884521484
2022-08-05,SUZB3.SA,42.71482849121094
2022-08-08,SUZB3.SA,43.420936584472656
2022-08-09,SUZB3.SA,43.85889434814453
2022-08-10,SUZB3.SA,43.814205169677734
2022-08-11,SUZB3.SA,44.198543548583984
2022-08-12,SUZB3.SA,44.842079162597656
2022-08-15,SUZB3.SA,43.680137634277344
2022-08-16,SUZB3.SA,44.60969161987305
2022-08-17,SUZB3.SA,45.58393859863281
2022-08-18,SUZB3.SA,45.262168884277344
2022-08-19,SUZB3.SA,44.66332244873047
2022-08-22,SUZB3.SA,43.55500411987305
2022-08-23,SUZB3.SA,44.25217056274414
2022-08-24,SUZB3.SA,42.822086334228516
2022-08-25,SUZB3.SA,42.294742584228516
2022-08-26,SUZB3.SA,40.5339469909668
2022-08-29,SUZB3.SA,40.480323791503906
2022-08-30,SUZB3.SA,40.31944274902344
2022-08-31,SUZB3.SA,39.5597038269043
2022-09-01,SUZB3.SA,39.32732009887695
2022-09-02,SUZB3.SA,38.898292541503906
2022-09-05,SUZB3.SA,39.979793548583984
2022-09-06,SUZB3.SA,40.203243255615234
2022-09-08,SUZB3.SA,39.30944061279297
2022-09-09,SUZB3.SA,40.31944274902344
2022-09-12,SUZB3.SA,40.560768127441406
2022-09-13,SUZB3.SA,39.613338470458984
2022-09-14,SUZB3.SA,39.747406005859375
2022-09-15,SUZB3.SA,39.17537307739258
2022-09-16,SUZB3.SA,38.978736877441406
2022-09-19,SUZB3.SA,39.452449798583984
2022-09-20,SUZB3.SA,39.354129791259766
2022-09-21,SUZB3.SA,38.71953201293945
2022-09-22,SUZB3.SA,39.47926330566406
2022-09-23,SUZB3.SA,38.022369384765625
2022-09-26,SUZB3.SA,37.950862884521484
2022-09-27,SUZB3.SA,38.72847366333008
2022-09-28,SUZB3.SA,38.88041305541992
2022-09-29,SUZB3.SA,38.63908767700195
2022-09-30,SUZB3.SA,39.77422332763672
2022-10-03,SUZB3.SA,40.58757781982422
2022-10-04,SUZB3.SA,40.90934371948242
2022-10-05,SUZB3.SA,41.95509338378906
2022-10-06,SUZB3.SA,41.794212341308594
2022-10-07,SUZB3.SA,41.46350860595703
2022-10-10,SUZB3.SA,43.125980377197266
2022-10-11,SUZB3.SA,42.57182312011719
2022-10-13,SUZB3.SA,42.71482849121094
2022-10-14,SUZB3.SA,42.71482849121094
2022-10-17,SUZB3.SA,44.180667877197266
2022-10-18,SUZB3.SA,44.3862419128418
2022-10-19,SUZB3.SA,43.99296951293945
2022-10-20,SUZB3.SA,44.33261489868164
2022-10-21,SUZB3.SA,44.413055419921875
2022-10-24,SUZB3.SA,45.95933151245117
2022-10-25,SUZB3.SA,46.50455093383789
2022-10-26,SUZB3.SA,47.19278335571289
2022-10-27,SUZB3.SA,47.478797912597656
2022-10-28,SUZB3.SA,49.25746536254883
2022-10-31,SUZB3.SA,47.5503044128418
2022-11-01,SUZB3.SA,47.25534439086914
2022-11-03,SUZB3.SA,48.19384002685547
2022-11-04,SUZB3.SA,48.69437026977539
2022-11-07,SUZB3.SA,49.14126968383789
2022-11-08,SUZB3.SA,49.561363220214844
2022-11-09,SUZB3.SA,49.26640319824219
2022-11-10,SUZB3.SA,50.39259719848633
2022-11-11,SUZB3.SA,52.06400680541992
2022-11-14,SUZB3.SA,51.6081657409668
2022-11-16,SUZB3.SA,52.376834869384766
2022-11-17,SUZB3.SA,51.78692626953125
2022-11-18,SUZB3.SA,51.45621871948242
2022-11-21,SUZB3.SA,49.9814453125
2022-11-22,SUZB3.SA,50.124454498291016
2022-11-23,SUZB3.SA,49.79374313354492
2022-11-24,SUZB3.SA,50.008262634277344
2022-11-25,SUZB3.SA,49.10552215576172
2022-11-28,SUZB3.SA,49.10552215576172
2022-11-29,SUZB3.SA,47.648624420166016
2022-11-30,SUZB3.SA,47.50560760498047
2022-12-01,SUZB3.SA,47.52348709106445
2022-12-02,SUZB3.SA,45.923583984375
2022-12-05,SUZB3.SA,46.93357849121094
2022-12-06,SUZB3.SA,47.63968276977539
2022-12-07,SUZB3.SA,47.416229248046875
2022-12-08,SUZB3.SA,47.46092224121094
2022-12-09,SUZB3.SA,49.150211334228516
2022-12-12,SUZB3.SA,49.06082534790039
2022-12-13,SUZB3.SA,45.905704498291016
2022-12-14,SUZB3.SA,46.92463684082031
2022-12-15,SUZB3.SA,46.272159576416016
2022-12-16,SUZB3.SA,45.96827697753906
2022-12-19,SUZB3.SA,45.22254180908203
2022-12-20,SUZB3.SA,44.9539680480957
2022-12-21,SUZB3.SA,44.83356857299805
2022-12-22,SUZB3.SA,44.58351516723633
2022-12-23,SUZB3.SA,43.37956237792969
2022-12-26,SUZB3.SA,42.76831817626953
2022-12-27,SUZB3.SA,43.99079895019531
2022-12-28,SUZB3.SA,44.574256896972656
2022-12-29,SUZB3.SA,44.67612838745117
2023-01-02,SUZB3.SA,45.36145782470703
2023-01-03,SUZB3.SA,46.16718673706055
2023-01-04,SUZB3.SA,46.25979995727539
2023-01-05,SUZB3.SA,46.54689407348633
2023-01-06,SUZB3.SA,46.25053024291992
2023-01-09,SUZB3.SA,46.871036529541016
2023-01-10,SUZB3.SA,46.28757858276367
2023-01-11,SUZB3.SA,45.611507415771484
2023-01-12,SUZB3.SA,46.54689407348633
2023-01-13,SUZB3.SA,46.7043342590332
2023-01-16,SUZB3.SA,46.871036529541016
2023-01-17,SUZB3.SA,47.43597412109375
2023-01-18,SUZB3.SA,46.176448822021484
2023-01-19,SUZB3.SA,45.694862365722656
2023-01-20,SUZB3.SA,43.65739440917969
2023-01-23,SUZB3.SA,43.509212493896484
2023-01-24,SUZB3.SA,44.000057220458984
2023-01-25,SUZB3.SA,43.31473159790039
2023-01-26,SUZB3.SA,42.04594039916992
2023-01-27,SUZB3.SA,41.74958038330078
2023-01-30,SUZB3.SA,42.86092758178711
2023-01-31,SUZB3.SA,42.935020446777344
2023-02-01,SUZB3.SA,43.296207427978516
2023-02-02,SUZB3.SA,41.69401931762695
2023-02-03,SUZB3.SA,42.88871383666992
2023-02-06,SUZB3.SA,42.564571380615234
2023-02-07,SUZB3.SA,42.65718460083008
2023-02-08,SUZB3.SA,42.55531311035156
2023-02-09,SUZB3.SA,42.879451751708984
2023-02-10,SUZB3.SA,42.972068786621094
2023-02-13,SUZB3.SA,43.259159088134766
2023-02-14,SUZB3.SA,43.48143005371094
2023-02-15,SUZB3.SA,44.62056350708008
2023-02-16,SUZB3.SA,44.231590270996094
2023-02-17,SUZB3.SA,43.490692138671875
2023-02-22,SUZB3.SA,42.6386604309082
2023-02-23,SUZB3.SA,42.74053955078125
2023-02-24,SUZB3.SA,42.74053955078125
2023-02-27,SUZB3.SA,42.91649627685547
2023-02-28,SUZB3.SA,44.213069915771484
2023-03-01,SUZB3.SA,43.31473159790039
2023-03-02,SUZB3.SA,43.249900817871094
2023-03-03,SUZB3.SA,44.63908386230469
2023-03-06,SUZB3.SA,44.25011444091797
2023-03-07,SUZB3.SA,44.22233200073242
2023-03-08,SUZB3.SA,43.93523025512695
2023-03-09,SUZB3.SA,43.036895751953125
2023-03-10,SUZB3.SA,41.74032211303711
2023-03-13,SUZB3.SA,41.28652572631836
2023-03-14,SUZB3.SA,41.64771270751953
2023-03-15,SUZB3.SA,40.953121185302734
2023-03-16,SUZB3.SA,40.740108489990234
2023-03-17,SUZB3.SA,40.36966323852539
2023-03-20,SUZB3.SA,40.0362548828125
2023-03-21,SUZB3.SA,39.776947021484375
2023-03-22,SUZB3.SA,39.71211624145508
2023-03-23,SUZB3.SA,39.1193962097168
2023-03-24,SUZB3.SA,39.480587005615234
2023-03-27,SUZB3.SA,38.88787078857422
2023-03-28,SUZB3.SA,39.15644073486328
2023-03-29,SUZB3.SA,39.88807678222656
2023-03-30,SUZB3.SA,39.86955261230469
2023-03-31,SUZB3.SA,38.526676177978516
2023-04-03,SUZB3.SA,39.582462310791016
2023-04-04,SUZB3.SA,39.22127151489258
2023-04-05,SUZB3.SA,37.95248031616211
2023-04-06,SUZB3.SA,37.37828826904297
2023-04-10,SUZB3.SA,38.10066223144531
2023-04-11,SUZB3.SA,39.406494140625
2023-04-12,SUZB3.SA,39.08235168457031
2023-04-13,SUZB3.SA,38.25810623168945
2023-04-14,SUZB3.SA,37.498680114746094
2023-04-17,SUZB3.SA,37.47089385986328
2023-04-18,SUZB3.SA,38.12844467163086
2023-04-19,SUZB3.SA,38.14696502685547
2023-04-20,SUZB3.SA,37.32271957397461
2023-04-24,SUZB3.SA,36.739261627197266
2023-04-25,SUZB3.SA,35.933536529541016
2023-04-26,SUZB3.SA,35.43342590332031
2023-04-27,SUZB3.SA,35.19264221191406
2023-04-28,SUZB3.SA,36.85966110229492
2023-05-02,SUZB3.SA,37.67464828491211
2023-05-03,SUZB3.SA,37.13749694824219
2023-05-04,SUZB3.SA,36.67443084716797
2023-05-05,SUZB3.SA,38.53594207763672
2023-05-08,SUZB3.SA,38.77672576904297
2023-05-09,SUZB3.SA,38.43406677246094
2023-05-10,SUZB3.SA,38.61002731323242
2023-05-11,SUZB3.SA,38.498897552490234
2023-05-12,SUZB3.SA,39.30461883544922
2023-05-15,SUZB3.SA,39.73990249633789
2023-05-16,SUZB3.SA,40.48079299926758
2023-05-17,SUZB3.SA,40.49932098388672
2023-05-18,SUZB3.SA,41.9996337890625
2023-05-19,SUZB3.SA,42.0644645690918
2023-05-22,SUZB3.SA,41.842193603515625
2023-05-23,SUZB3.SA,42.47195816040039
2023-05-24,SUZB3.SA,41.2957878112793
2023-05-25,SUZB3.SA,40.86050796508789
2023-05-26,SUZB3.SA,41.9996337890625
2023-05-29,SUZB3.SA,42.02742385864258
2023-05-30,SUZB3.SA,41.786624908447266
2023-05-31,SUZB3.SA,41.47174835205078
2023-06-01,SUZB3.SA,41.67549514770508
2023-06-02,SUZB3.SA,42.9905891418457
2023-06-05,SUZB3.SA,43.35177993774414
2023-06-06,SUZB3.SA,43.47216796875
2023-06-07,SUZB3.SA,42.44417953491211
2023-06-09,SUZB3.SA,41.89776611328125
2023-06-12,SUZB3.SA,43.249900817871094
2023-06-13,SUZB3.SA,43.57404327392578
2023-06-14,SUZB3.SA,43.2036018371582
2023-06-15,SUZB3.SA,44.768741607666016
2023-06-16,SUZB3.SA,44.73169708251953
2023-06-19,SUZB3.SA,44.176025390625
2023-06-20,SUZB3.SA,43.93523025512695
2023-06-21,SUZB3.SA,43.0461540222168
2023-06-22,SUZB3.SA,42.47195816040039
2023-06-23,SUZB3.SA,42.54604721069336
2023-06-26,SUZB3.SA,42.24042892456055
2023-06-27,SUZB3.SA,41.527313232421875
2023-06-28,SUZB3.SA,40.90681076049805
2023-06-29,SUZB3.SA,40.79568099975586
2023-06-30,SUZB3.SA,40.953121185302734
2023-07-03,SUZB3.SA,40.953121185302734
2023-07-04,SUZB3.SA,41.42544174194336
2023-07-05,SUZB3.SA,41.16613006591797
2023-07-06,SUZB3.SA,40.85124588012695
2023-07-07,SUZB3.SA,41.2216911315918
2023-07-10,SUZB3.SA,40.77715301513672
2023-07-11,SUZB3.SA,40.79568099975586
2023-07-12,SUZB3.SA,40.916072845458984
2023-07-13,SUZB3.SA,41.092037200927734
2023-07-14,SUZB3.SA,41.25873947143555
2023-07-17,SUZB3.SA,41.11981964111328
2023-07-18,SUZB3.SA,41.27726364135742
2023-07-19,SUZB3.SA,40.25852584838867
2023-07-20,SUZB3.SA,40.42523193359375
2023-07-21,SUZB3.SA,40.80493927001953
2023-07-24,SUZB3.SA,41.69401931762695
2023-07-25,SUZB3.SA,41.88850784301758
2023-07-26,SUZB3.SA,43.036895751953125
2023-07-27,SUZB3.SA,43.71296310424805
2023-07-28,SUZB3.SA,43.722225189208984
2023-07-31,SUZB3.SA,44.51869201660156
2023-08-01,SUZB3.SA,44.8057861328125
2023-08-02,SUZB3.SA,44.351985931396484
2023-08-03,SUZB3.SA,45.97270202636719
2023-08-04,SUZB3.SA,46.55615997314453
2023-08-07,SUZB3.SA,46.787689208984375
2023-08-08,SUZB3.SA,46.0745735168457
2023-08-09,SUZB3.SA,45.657814025878906
2023-08-10,SUZB3.SA,45.704124450683594
2023-08-11,SUZB3.SA,46.46354293823242
2023-08-14,SUZB3.SA,47.15813446044922
2023-08-15,SUZB3.SA,46.3431510925293
2023-08-16,SUZB3.SA,46.22275161743164
2023-08-17,SUZB3.SA,46.676551818847656
2023-08-18,SUZB3.SA,46.93586730957031
2023-08-21,SUZB3.SA,46.38019561767578
2023-08-22,SUZB3.SA,46.16718673706055
2023-08-23,SUZB3.SA,45.824520111083984
2023-08-24,SUZB3.SA,45.704124450683594
2023-08-25,SUZB3.SA,46.21349334716797
2023-08-28,SUZB3.SA,46.58394241333008
2023-08-29,SUZB3.SA,47.37114715576172
2023-08-30,SUZB3.SA,47.07478713989258
2023-08-31,SUZB3.SA,46.44502258300781
2023-09-01,SUZB3.SA,47.32483673095703
2023-09-04,SUZB3.SA,47.204444885253906
2023-09-05,SUZB3.SA,46.92660140991211
2023-09-06,SUZB3.SA,46.176448822021484
2023-09-08,SUZB3.SA,45.194759368896484
2023-09-11,SUZB3.SA,46.278324127197266
2023-09-12,SUZB3.SA,46.55615997314453
2023-09-13,SUZB3.SA,46.537635803222656
2023-09-14,SUZB3.SA,47.44524002075195
2023-09-15,SUZB3.SA,48.649192810058594
2023-09-18,SUZB3.SA,48.20465087890625
2023-09-19,SUZB3.SA,48.88071823120117
2023-09-20,SUZB3.SA,50.8348388671875
2023-09-21,SUZB3.SA,51.87209701538086
2023-09-22,SUZB3.SA,51.28864288330078
2023-09-25,SUZB3.SA,51.131195068359375
2023-09-26,SUZB3.SA,50.343994140625
2023-09-27,SUZB3.SA,50.07542419433594
2023-09-28,SUZB3.SA,49.853153228759766
2023-09-29,SUZB3.SA,50.26990509033203
2023-10-02,SUZB3.SA,50.2143440246582
2023-10-03,SUZB3.SA,51.19602966308594
2023-10-04,SUZB3.SA,50.93671417236328
2023-10-05,SUZB3.SA,51.17750549316406
2023-10-06,SUZB3.SA,52.04806137084961
2023-10-09,SUZB3.SA,52.51112365722656
2023-10-10,SUZB3.SA,52.27959442138672
2023-10-11,SUZB3.SA,52.46481704711914
2023-10-13,SUZB3.SA,54.23371505737305
2023-10-16,SUZB3.SA,53.131622314453125
2023-10-17,SUZB3.SA,53.224239349365234
2023-10-18,SUZB3.SA,51.936927795410156
2023-10-19,SUZB3.SA,51.84431457519531
2023-10-20,SUZB3.SA,50.8441047668457
2023-10-23,SUZB3.SA,50.38104248046875
2023-10-24,SUZB3.SA,48.63066864013672
2023-10-25,SUZB3.SA,48.714019775390625
2023-10-26,SUZB3.SA,48.815895080566406
2023-10-27,SUZB3.SA,48.08426284790039
2023-10-30,SUZB3.SA,47.83420944213867
2023-10-31,SUZB3.SA,47.76011276245117
2023-11-01,SUZB3.SA,47.648983001708984
2023-11-03,SUZB3.SA,47.38040542602539
2023-11-06,SUZB3.SA,48.05647277832031
2023-11-07,SUZB3.SA,48.21391677856445
2023-11-08,SUZB3.SA,49.538272857666016
2023-11-09,SUZB3.SA,49.482704162597656
2023-11-10,SUZB3.SA,50.60331344604492
2023-11-13,SUZB3.SA,50.10320281982422
2023-11-14,SUZB3.SA,48.62140655517578
2023-11-16,SUZB3.SA,49.45492172241211
2023-11-17,SUZB3.SA,49.028900146484375
2023-11-20,SUZB3.SA,48.99185562133789
2023-11-21,SUZB3.SA,49.065948486328125
2023-11-22,SUZB3.SA,49.482704162597656
2023-11-23,SUZB3.SA,49.82537078857422
2023-11-24,SUZB3.SA,49.519744873046875
2023-11-27,SUZB3.SA,49.7790641784668
2023-11-28,SUZB3.SA,49.40861511230469
2023-11-29,SUZB3.SA,50.242122650146484
2023-11-30,SUZB3.SA,49.806846618652344
2023-12-01,SUZB3.SA,47.93607711791992
2023-12-04,SUZB3.SA,47.963863372802734
2023-12-05,SUZB3.SA,47.648983001708984
2023-12-06,SUZB3.SA,47.297054290771484
2023-12-07,SUZB3.SA,47.14888000488281
2023-12-08,SUZB3.SA,48.118812561035156
2023-12-11,SUZB3.SA,48.715911865234375
2023-12-12,SUZB3.SA,48.29888916015625
2023-12-13,SUZB3.SA,49.14241027832031
2023-12-14,SUZB3.SA,49.67316818237305
2023-12-15,SUZB3.SA,49.881683349609375
2023-12-18,SUZB3.SA,49.80585861206055
2023-12-19,SUZB3.SA,50.20392608642578
2023-12-20,SUZB3.SA,51.085365295410156
2023-12-21,SUZB3.SA,51.60664367675781
2023-12-22,SUZB3.SA,52.07105255126953
2023-12-26,SUZB3.SA,52.336429595947266
2023-12-27,SUZB3.SA,52.649200439453125
2023-12-28,SUZB3.SA,52.72502517700195
2024-01-02,SUZB3.SA,52.2606086730957
2024-01-03,SUZB3.SA,52.55442428588867
2024-01-04,SUZB3.SA,51.7582893371582
2024-01-05,SUZB3.SA,51.2275276184082
2024-01-08,SUZB3.SA,51.89097213745117
2024-01-09,SUZB3.SA,51.25596237182617
2024-01-10,SUZB3.SA,50.962154388427734
2024-01-11,SUZB3.SA,51.331783294677734
2024-01-12,SUZB3.SA,50.78207778930664
2024-01-15,SUZB3.SA,51.04745101928711
2024-01-16,SUZB3.SA,50.156532287597656
2024-01-17,SUZB3.SA,49.94802474975586
2024-01-18,SUZB3.SA,48.8391227722168
2024-01-19,SUZB3.SA,49.09502410888672
2024-01-22,SUZB3.SA,48.97180938720703
2024-01-23,SUZB3.SA,49.379356384277344
2024-01-24,SUZB3.SA,49.16136932373047
2024-01-25,SUZB3.SA,49.14241027832031
2024-01-26,SUZB3.SA,50.14706039428711
2024-01-29,SUZB3.SA,48.14724349975586
2024-01-30,SUZB3.SA,49.379356384277344
2024-01-31,SUZB3.SA,48.92441940307617
2024-02-01,SUZB3.SA,48.43157196044922
2024-02-02,SUZB3.SA,48.65904235839844
2024-02-05,SUZB3.SA,49.04763412475586
2024-02-06,SUZB3.SA,50.9052848815918
2024-02-07,SUZB3.SA,50.895809173583984
2024-02-08,SUZB3.SA,50.65886306762695
2024-02-09,SUZB3.SA,49.94802474975586
2024-02-14,SUZB3.SA,49.521522521972656
2024-02-15,SUZB3.SA,49.60682678222656
2024-02-16,SUZB3.SA,50.279747009277344
2024-02-19,SUZB3.SA,50.27027130126953
2024-02-20,SUZB3.SA,51.05692672729492
2024-02-21,SUZB3.SA,52.383819580078125
2024-02-22,SUZB3.SA,52.82927703857422
2024-02-23,SUZB3.SA,52.383819580078125
2024-02-26,SUZB3.SA,53.18943786621094
2024-02-27,SUZB3.SA,53.85287857055664
2024-02-28,SUZB3.SA,54.38364028930664
2024-02-29,SUZB3.SA,53.40742492675781
2024-03-01,SUZB3.SA,54.48789596557617
2024-03-04,SUZB3.SA,55.397762298583984
2024-03-05,SUZB3.SA,55.511497497558594
2024-03-06,SUZB3.SA,55.24612045288086
2024-03-07,SUZB3.SA,55.748443603515625
2024-03-08,SUZB3.SA,56.06120681762695
2024-03-11,SUZB3.SA,55.511497497558594
2024-03-12,SUZB3.SA,56.02330017089844
2024-03-13,SUZB3.SA,56.32658767700195
2024-03-14,SUZB3.SA,56.3929328918457
2024-03-15,SUZB3.SA,57.62504577636719
2024-03-18,SUZB3.SA,57.86198806762695
2024-03-19,SUZB3.SA,59.5679931640625
2024-03-20,SUZB3.SA,58.819252014160156
2024-03-21,SUZB3.SA,58.800296783447266
2024-03-22,SUZB3.SA,58.9045524597168
2024-03-25,SUZB3.SA,58.40222930908203
2024-03-26,SUZB3.SA,59.681732177734375
2024-03-27,SUZB3.SA,60.468387603759766
2024-03-28,SUZB3.SA,60.63898468017578
2024-04-01,SUZB3.SA,61.50146484375
2024-04-02,SUZB3.SA,61.8237190246582
2024-04-03,SUZB3.SA,61.22661209106445
2024-04-04,SUZB3.SA,60.544212341308594
2024-04-05,SUZB3.SA,59.530086517333984
2024-04-08,SUZB3.SA,59.33104705810547
2024-04-09,SUZB3.SA,59.0372428894043
2024-04-10,SUZB3.SA,58.534912109375
2024-04-11,SUZB3.SA,58.013633728027344
2024-04-12,SUZB3.SA,58.00415802001953
2024-04-15,SUZB3.SA,57.86198806762695
2024-04-16,SUZB3.SA,58.14632797241211
2024-04-17,SUZB3.SA,57.634525299072266
2024-04-18,SUZB3.SA,57.57765579223633
2024-04-19,SUZB3.SA,58.013633728027344
2024-04-22,SUZB3.SA,57.388099670410156
2024-04-23,SUZB3.SA,56.98055648803711
2024-04-24,SUZB3.SA,57.3975830078125
2024-04-25,SUZB3.SA,56.77204513549805
2024-04-26,SUZB3.SA,56.468753814697266
2024-04-29,SUZB3.SA,55.82426452636719
2024-04-30,SUZB3.SA,55.40724182128906
2024-05-02,SUZB3.SA,55.92852020263672
2024-05-03,SUZB3.SA,56.080162048339844
2024-05-06,SUZB3.SA,56.37397766113281
2024-05-07,SUZB3.SA,49.45518112182617
2024-05-08,SUZB3.SA,49.58787155151367
2024-05-09,SUZB3.SA,49.94802474975586
2024-05-10,SUZB3.SA,49.000247955322266
2024-05-13,SUZB3.SA,48.05246353149414
2024-05-14,SUZB3.SA,47.25633239746094
2024-05-15,SUZB3.SA,47.90082550048828
2024-05-16,SUZB3.SA,48.99076461791992
2024-05-17,SUZB3.SA,48.7633056640625
2024-05-20,SUZB3.SA,48.38418960571289
2024-05-21,SUZB3.SA,46.58340835571289
2024-05-22,SUZB3.SA,45.796749114990234
2024-05-23,SUZB3.SA,47.48379898071289
2024-05-24,SUZB3.SA,46.38437271118164
2024-05-27,SUZB3.SA,46.44123458862305
2024-05-28,SUZB3.SA,46.517059326171875
2024-05-29,SUZB3.SA,46.70661544799805
2024-05-31,SUZB3.SA,46.15690612792969
2024-06-03,SUZB3.SA,44.64993667602539
2024-06-04,SUZB3.SA,44.45090103149414
2024-06-05,SUZB3.SA,44.2044792175293
2024-06-06,SUZB3.SA,45.82518005371094
2024-06-07,SUZB3.SA,46.10951614379883
2024-06-10,SUZB3.SA,47.0952033996582
2024-06-11,SUZB3.SA,46.365413665771484
2024-06-12,SUZB3.SA,46.44123458862305
2024-06-13,SUZB3.SA,46.22324752807617
2024-06-14,SUZB3.SA,46.41280746459961
2024-06-17,SUZB3.SA,45.97682571411133
2024-06-18,SUZB3.SA,45.77779006958008
2024-06-19,SUZB3.SA,46.18533706665039
2024-06-20,SUZB3.SA,45.63562774658203
2024-06-21,SUZB3.SA,46.299068450927734
2024-06-24,SUZB3.SA,47.0383415222168
2024-06-25,SUZB3.SA,47.10468673706055
2024-06-26,SUZB3.SA,48.1567268371582
2024-06-27,SUZB3.SA,54.02347946166992
2024-06-28,SUZB3.SA,54.032958984375
2024-07-01,SUZB3.SA,54.63954162597656
2024-07-02,SUZB3.SA,54.59214782714844
2024-07-03,SUZB3.SA,54.345726013183594
2024-07-04,SUZB3.SA,54.02347946166992
2024-07-05,SUZB3.SA,51.89097213745117
2024-07-08,SUZB3.SA,50.44087219238281
2024-07-09,SUZB3.SA,50.07123947143555
2024-07-10,SUZB3.SA,49.71107864379883
2024-07-11,SUZB3.SA,50.24183654785156
2024-07-12,SUZB3.SA,49.568912506103516
2024-07-15,SUZB3.SA,51.36969757080078
2024-07-16,SUZB3.SA,51.331783294677734
2024-07-17,SUZB3.SA,51.34126281738281
2024-07-18,SUZB3.SA,51.06640625
2024-07-19,SUZB3.SA,50.801025390625
2024-07-22,SUZB3.SA,50.497737884521484
2024-07-23,SUZB3.SA,50.33662033081055
2024-07-24,SUZB3.SA,50.26079559326172
2024-07-25,SUZB3.SA,49.730037689208984
2024-07-26,SUZB3.SA,49.08554458618164
2024-07-29,SUZB3.SA,50.02384567260742
2024-07-30,SUZB3.SA,50.63042449951172
2024-07-31,SUZB3.SA,51.04745101928711
2024-08-01,SUZB3.SA,50.99058532714844
2024-08-02,SUZB3.SA,50.232357025146484
2024-08-05,SUZB3.SA,50.26079559326172
2024-08-06,SUZB3.SA,49.180320739746094
2024-08-07,SUZB3.SA,49.47414016723633
2024-08-08,SUZB3.SA,50.801025390625
2024-08-09,SUZB3.SA,51.65403366088867
2024-08-12,SUZB3.SA,51.549774169921875
2024-08-13,SUZB3.SA,51.69194412231445
2024-08-14,SUZB3.SA,51.843589782714844
2024-08-15,SUZB3.SA,50.78207778930664
2024-08-16,SUZB3.SA,51.568729400634766
2024-08-19,SUZB3.SA,52.16583251953125
2024-08-20,SUZB3.SA,52.952491760253906
2024-08-21,SUZB3.SA,53.511680603027344
2024-08-22,SUZB3.SA,53.46428680419922
2024-08-23,SUZB3.SA,53.151527404785156
2024-08-26,SUZB3.SA,52.29852294921875
2024-08-27,SUZB3.SA,52.71554183959961
2024-08-28,SUZB3.SA,53.151527404785156
2024-08-29,SUZB3.SA,52.601810455322266
2024-08-30,SUZB3.SA,52.1279182434082
2024-09-02,SUZB3.SA,52.21322250366211
2024-09-03,SUZB3.SA,51.73933029174805
2024-09-04,SUZB3.SA,52.48807907104492
2024-09-05,SUZB3.SA,52.3932991027832
2024-09-06,SUZB3.SA,51.530818939208984
2024-09-09,SUZB3.SA,51.29387283325195
2024-09-10,SUZB3.SA,52.31747817993164
2024-09-11,SUZB3.SA,52.24165344238281
2024-09-12,SUZB3.SA,51.549774169921875
2024-09-13,SUZB3.SA,51.45499801635742
2024-09-16,SUZB3.SA,50.25131607055664
2024-09-17,SUZB3.SA,50.50721740722656
2024-09-18,SUZB3.SA,49.853248596191406
2024-09-19,SUZB3.SA,49.82481384277344
2024-09-20,SUZB3.SA,49.60682678222656
2024-09-23,SUZB3.SA,48.952857971191406
2024-09-24,SUZB3.SA,50.24183654785156
2024-09-25,SUZB3.SA,49.43622589111328
2024-09-26,SUZB3.SA,51.40761184692383
2024-09-27,SUZB3.SA,51.54029846191406
2024-09-30,SUZB3.SA,51.597164154052734
2024-10-01,SUZB3.SA,52.02366638183594
2024-10-02,SUZB3.SA,52.222694396972656
2024-10-03,SUZB3.SA,51.98575210571289
2024-10-04,SUZB3.SA,52.8387565612793
2024-10-07,SUZB3.SA,52.87666702270508
2024-10-08,SUZB3.SA,52.79136657714844
2024-10-09,SUZB3.SA,51.54029846191406
2024-10-10,SUZB3.SA,51.30335235595703
2024-10-11,SUZB3.SA,51.36969757080078
2024-10-14,SUZB3.SA,51.834110260009766
2024-10-15,SUZB3.SA,51.862545013427734
2024-10-16,SUZB3.SA,51.616119384765625
2024-10-17,SUZB3.SA,52.13739776611328
2024-10-18,SUZB3.SA,52.85771560668945
2024-10-21,SUZB3.SA,53.33160400390625
2024-10-22,SUZB3.SA,54.57319641113281
2024-10-23,SUZB3.SA,54.544761657714844
2024-10-24,SUZB3.SA,54.40259552001953
2024-10-25,SUZB3.SA,55.91904067993164
2024-10-28,SUZB3.SA,56.24128723144531
2024-10-29,SUZB3.SA,56.44980239868164
2024-10-30,SUZB3.SA,57.23645782470703
2024-10-31,SUZB3.SA,56.64883804321289
2024-11-01,SUZB3.SA,56.85734939575195
2024-11-04,SUZB3.SA,56.83839416503906
2024-11-05,SUZB3.SA,57.34071350097656
2024-11-06,SUZB3.SA,56.3929328918457
2024-11-07,SUZB3.SA,55.814788818359375
2024-11-08,SUZB3.SA,55.35037612915039
2024-11-11,SUZB3.SA,55.13238525390625
2024-11-12,SUZB3.SA,56.279197692871094
2024-11-13,SUZB3.SA,56.629878997802734
2024-11-14,SUZB3.SA,57.388099670410156
2024-11-18,SUZB3.SA,57.54922866821289
2024-11-19,SUZB3.SA,57.24593734741211
2024-11-21,SUZB3.SA,57.615570068359375
2024-11-22,SUZB3.SA,57.530269622802734
2024-11-25,SUZB3.SA,56.77204513549805
2024-11-26,SUZB3.SA,56.20337677001953
2024-11-27,SUZB3.SA,56.620399475097656
2024-11-28,SUZB3.SA,58.316925048828125
2024-11-29,SUZB3.SA,59.14149475097656
2024-12-02,SUZB3.SA,58.85716247558594
2024-12-03,SUZB3.SA,60.08927917480469
2024-12-04,SUZB3.SA,61.65311813354492
2024-12-05,SUZB3.SA,61.700504302978516
2024-12-06,SUZB3.SA,62.013267517089844
2024-12-09,SUZB3.SA,63.16956329345703
2024-12-10,SUZB3.SA,61.23609161376953
2024-12-11,SUZB3.SA,60.75271987915039
2024-12-12,SUZB3.SA,59.71016311645508
2024-12-13,SUZB3.SA,59.16044998168945
2024-12-16,SUZB3.SA,60.534732818603516
2024-12-17,SUZB3.SA,60.83554458618164
2024-12-18,SUZB3.SA,60.297264099121094
2024-12-19,SUZB3.SA,59.406654357910156
2024-12-20,SUZB3.SA,58.349666595458984
2024-12-23,SUZB3.SA,59.935150146484375
2024-12-26,SUZB3.SA,60.620235443115234
2024-12-27,SUZB3.SA,60.27769088745117
2024-12-30,SUZB3.SA,60.46364212036133
2022-01-03,VALE3.SA,51.5843391418457
2022-01-04,VALE3.SA,50.97591018676758
2022-01-05,VALE3.SA,51.458683013916016
2022-01-06,VALE3.SA,52.496978759765625
2022-01-07,VALE3.SA,55.552364349365234
2022-01-10,VALE3.SA,54.89102554321289
2022-01-11,VALE3.SA,55.935935974121094
2022-01-12,VALE3.SA,56.54436492919922
2022-01-13,VALE3.SA,55.68463134765625
2022-01-14,VALE3.SA,56.00868225097656
2022-01-17,VALE3.SA,55.71769332885742
2022-01-18,VALE3.SA,57.080039978027344
2022-01-19,VALE3.SA,58.33659362792969
2022-01-20,VALE3.SA,57.34458541870117
2022-01-21,VALE3.SA,56.1541862487793
2022-01-24,VALE3.SA,55.46637725830078
2022-01-25,VALE3.SA,55.592037200927734
2022-01-26,VALE3.SA,55.75076675415039
2022-01-27,VALE3.SA,55.87641143798828
2022-01-28,VALE3.SA,55.32749938964844
2022-01-31,VALE3.SA,53.482383728027344
2022-02-01,VALE3.SA,56.4187126159668
2022-02-02,VALE3.SA,56.736148834228516
2022-02-03,VALE3.SA,56.7097053527832
2022-02-04,VALE3.SA,58.197723388671875
2022-02-07,VALE3.SA,59.60636520385742
2022-02-08,VALE3.SA,60.43964767456055
2022-02-09,VALE3.SA,60.45287322998047
2022-02-10,VALE3.SA,62.07976150512695
2022-02-11,VALE3.SA,60.82322692871094
2022-02-14,VALE3.SA,60.558692932128906
2022-02-15,VALE3.SA,58.75983810424805
2022-02-16,VALE3.SA,59.1897087097168
2022-02-17,VALE3.SA,56.64357376098633
2022-02-18,VALE3.SA,56.76260757446289
2022-02-21,VALE3.SA,56.80891036987305
2022-02-22,VALE3.SA,57.794288635253906
2022-02-23,VALE3.SA,57.18587112426758
2022-02-24,VALE3.SA,57.89350128173828
2022-02-25,VALE3.SA,61.028236389160156
2022-03-02,VALE3.SA,65.90229034423828
2022-03-03,VALE3.SA,65.93535614013672
2022-03-04,VALE3.SA,67.43661499023438
2022-03-07,VALE3.SA,69.48674774169922
2022-03-08,VALE3.SA,66.43798065185547
2022-03-09,VALE3.SA,64.68622589111328
2022-03-10,VALE3.SA,66.82205200195312
2022-03-11,VALE3.SA,66.47181701660156
2022-03-14,VALE3.SA,62.90749740600586
2022-03-15,VALE3.SA,61.101322174072266
2022-03-16,VALE3.SA,62.58472442626953
2022-03-17,VALE3.SA,64.76176452636719
2022-03-18,VALE3.SA,65.9910659790039
2022-03-21,VALE3.SA,67.85906219482422
2022-03-22,VALE3.SA,66.34132385253906
2022-03-23,VALE3.SA,66.23828887939453
2022-03-24,VALE3.SA,66.55422973632812
2022-03-25,VALE3.SA,65.40044403076172
2022-03-28,VALE3.SA,65.47599792480469
2022-03-29,VALE3.SA,64.912841796875
2022-03-30,VALE3.SA,65.83998107910156
2022-03-31,VALE3.SA,65.65454864501953
2022-04-01,VALE3.SA,66.58854675292969
2022-04-04,VALE3.SA,67.2615966796875
2022-04-05,VALE3.SA,65.31804656982422
2022-04-06,VALE3.SA,66.3069839477539
2022-04-07,VALE3.SA,66.7052993774414
2022-04-08,VALE3.SA,65.34552001953125
2022-04-11,VALE3.SA,64.55573272705078
2022-04-12,VALE3.SA,64.12307739257812
2022-04-13,VALE3.SA,64.14366912841797
2022-04-14,VALE3.SA,63.24401092529297
2022-04-18,VALE3.SA,62.20014190673828
2022-04-19,VALE3.SA,60.215389251708984
2022-04-20,VALE3.SA,58.64957809448242
2022-04-22,VALE3.SA,55.250091552734375
2022-04-25,VALE3.SA,54.309234619140625
2022-04-26,VALE3.SA,53.56753158569336
2022-04-27,VALE3.SA,56.43132781982422
2022-04-28,VALE3.SA,57.82544708251953
2022-04-29,VALE3.SA,57.20050048828125
2022-05-02,VALE3.SA,56.94639587402344
2022-05-03,VALE3.SA,56.657955169677734
2022-05-04,VALE3.SA,56.1840934753418
2022-05-05,VALE3.SA,55.167686462402344
2022-05-06,VALE3.SA,54.77623748779297
2022-05-09,VALE3.SA,52.53050994873047
2022-05-10,VALE3.SA,51.87808609008789
2022-05-11,VALE3.SA,54.0413932800293
2022-05-12,VALE3.SA,53.49884796142578
2022-05-13,VALE3.SA,53.437034606933594
2022-05-16,VALE3.SA,55.037200927734375
2022-05-17,VALE3.SA,54.803707122802734
2022-05-18,VALE3.SA,53.41642761230469
2022-05-19,VALE3.SA,54.83803176879883
2022-05-20,VALE3.SA,55.806365966796875
2022-05-23,VALE3.SA,56.94639587402344
2022-05-24,VALE3.SA,57.71556854248047
2022-05-25,VALE3.SA,57.89413070678711
2022-05-26,VALE3.SA,57.85978317260742
2022-05-27,VALE3.SA,58.869327545166016
2022-05-30,VALE3.SA,59.508026123046875
2022-05-31,VALE3.SA,59.205848693847656
2022-06-01,VALE3.SA,60.59998321533203
2022-06-02,VALE3.SA,61.74000549316406
2022-06-03,VALE3.SA,60.75106430053711
2022-06-06,VALE3.SA,60.81287384033203
2022-06-07,VALE3.SA,62.23447799682617
2022-06-08,VALE3.SA,60.091773986816406
2022-06-09,VALE3.SA,58.058956146240234
2022-06-10,VALE3.SA,58.072689056396484
2022-06-13,VALE3.SA,56.2321662902832
2022-06-14,VALE3.SA,56.12228775024414
2022-06-15,VALE3.SA,56.087955474853516
2022-06-17,VALE3.SA,53.16233825683594
2022-06-20,VALE3.SA,51.85061264038086
2022-06-21,VALE3.SA,52.194000244140625
2022-06-22,VALE3.SA,51.74760055541992
2022-06-23,VALE3.SA,49.85900115966797
2022-06-24,VALE3.SA,51.24626922607422
2022-06-27,VALE3.SA,53.601863861083984
2022-06-28,VALE3.SA,54.56332778930664
2022-06-29,VALE3.SA,54.110069274902344
2022-06-30,VALE3.SA,52.57857894897461
2022-07-01,VALE3.SA,51.5759162902832
2022-07-04,VALE3.SA,51.280609130859375
2022-07-05,VALE3.SA,51.02650451660156
2022-07-06,VALE3.SA,51.507225036621094
2022-07-07,VALE3.SA,53.00437545776367
2022-07-08,VALE3.SA,51.781944274902344
2022-07-11,VALE3.SA,50.01695251464844
2022-07-12,VALE3.SA,50.168052673339844
2022-07-13,VALE3.SA,49.99635696411133
2022-07-14,VALE3.SA,46.66555404663086
2022-07-15,VALE3.SA,46.95399856567383
2022-07-18,VALE3.SA,47.20122528076172
2022-07-19,VALE3.SA,47.30424499511719
2022-07-20,VALE3.SA,46.280967712402344
2022-07-21,VALE3.SA,47.09134292602539
2022-07-22,VALE3.SA,47.53087615966797
2022-07-25,VALE3.SA,48.4099235534668
2022-07-26,VALE3.SA,48.32065963745117
2022-07-27,VALE3.SA,48.430538177490234
2022-07-28,VALE3.SA,48.54728698730469
2022-07-29,VALE3.SA,47.9017333984375
2022-08-01,VALE3.SA,46.75483322143555
2022-08-02,VALE3.SA,48.245113372802734
2022-08-03,VALE3.SA,46.37024688720703
2022-08-04,VALE3.SA,46.10240173339844
2022-08-05,VALE3.SA,46.699893951416016
2022-08-08,VALE3.SA,47.09821701049805
2022-08-09,VALE3.SA,48.073421478271484
2022-08-10,VALE3.SA,48.10776138305664
2022-08-11,VALE3.SA,49.783451080322266
2022-08-12,VALE3.SA,50.42062759399414
2022-08-15,VALE3.SA,49.33708190917969
2022-08-16,VALE3.SA,50.43506622314453
2022-08-17,VALE3.SA,49.286521911621094
2022-08-18,VALE3.SA,48.918113708496094
2022-08-19,VALE3.SA,48.36912155151367
2022-08-22,VALE3.SA,47.66120910644531
2022-08-23,VALE3.SA,50.71678161621094
2022-08-24,VALE3.SA,49.08425521850586
2022-08-25,VALE3.SA,50.03776931762695
2022-08-26,VALE3.SA,49.286521911621094
2022-08-29,VALE3.SA,48.333011627197266
2022-08-30,VALE3.SA,46.9316291809082
2022-08-31,VALE3.SA,46.59212875366211
2022-09-01,VALE3.SA,46.1514778137207
2022-09-02,VALE3.SA,45.45079040527344
2022-09-05,VALE3.SA,47.11221694946289
2022-09-06,VALE3.SA,45.992557525634766
2022-09-08,VALE3.SA,46.59934616088867
2022-09-09,VALE3.SA,50.24002456665039
2022-09-12,VALE3.SA,50.68067169189453
2022-09-13,VALE3.SA,49.30096435546875
2022-09-14,VALE3.SA,48.39801788330078
2022-09-15,VALE3.SA,49.373199462890625
2022-09-16,VALE3.SA,49.30096435546875
2022-09-19,VALE3.SA,50.897377014160156
2022-09-20,VALE3.SA,50.16778564453125
2022-09-21,VALE3.SA,49.445430755615234
2022-09-22,VALE3.SA,50.57954025268555
2022-09-23,VALE3.SA,49.5321159362793
2022-09-26,VALE3.SA,49.640472412109375
2022-09-27,VALE3.SA,48.90365982055664
2022-09-28,VALE3.SA,49.36597442626953
2022-09-29,VALE3.SA,49.43098831176758
2022-09-30,VALE3.SA,52.03870391845703
2022-10-03,VALE3.SA,53.45452117919922
2022-10-04,VALE3.SA,54.7475471496582
2022-10-05,VALE3.SA,55.59270095825195
2022-10-06,VALE3.SA,54.34302520751953
2022-10-07,VALE3.SA,54.545284271240234
2022-10-10,VALE3.SA,53.44729995727539
2022-10-11,VALE3.SA,53.08612060546875
2022-10-13,VALE3.SA,52.13983917236328
2022-10-14,VALE3.SA,50.44228744506836
2022-10-17,VALE3.SA,51.23688888549805
2022-10-18,VALE3.SA,51.98090744018555
2022-10-19,VALE3.SA,51.366905212402344
2022-10-20,VALE3.SA,52.024253845214844
2022-10-21,VALE3.SA,53.54842758178711
2022-10-24,VALE3.SA,51.95924377441406
2022-10-25,VALE3.SA,51.95924377441406
2022-10-26,VALE3.SA,53.11501693725586
2022-10-27,VALE3.SA,51.22244644165039
2022-10-28,VALE3.SA,48.72307586669922
2022-10-31,VALE3.SA,48.491912841796875
2022-11-01,VALE3.SA,49.965538024902344
2022-11-03,VALE3.SA,48.50637435913086
2022-11-04,VALE3.SA,52.190399169921875
2022-11-07,VALE3.SA,51.9159049987793
2022-11-08,VALE3.SA,53.49065017700195
2022-11-09,VALE3.SA,52.840518951416016
2022-11-10,VALE3.SA,53.85182189941406
2022-11-11,VALE3.SA,59.450103759765625
2022-11-14,VALE3.SA,60.17967987060547
2022-11-16,VALE3.SA,59.551239013671875
2022-11-17,VALE3.SA,60.02799606323242
2022-11-18,VALE3.SA,58.38823699951172
2022-11-21,VALE3.SA,57.73088836669922
2022-11-22,VALE3.SA,57.88981246948242
2022-11-23,VALE3.SA,58.46046829223633
2022-11-24,VALE3.SA,58.836097717285156
2022-11-25,VALE3.SA,58.43879318237305
2022-11-28,VALE3.SA,58.72773361206055
2022-11-29,VALE3.SA,60.995941162109375
2022-11-30,VALE3.SA,61.91334915161133
2022-12-01,VALE3.SA,62.252845764160156
2022-12-02,VALE3.SA,62.70071792602539
2022-12-05,VALE3.SA,62.63570022583008
2022-12-06,VALE3.SA,63.54588317871094
2022-12-07,VALE3.SA,61.284889221191406
2022-12-08,VALE3.SA,62.0361442565918
2022-12-09,VALE3.SA,64.10208129882812
2022-12-12,VALE3.SA,62.187843322753906
2022-12-13,VALE3.SA,62.45022201538086
2022-12-14,VALE3.SA,62.97933578491211
2022-12-15,VALE3.SA,63.18230056762695
2022-12-16,VALE3.SA,62.10231399536133
2022-12-19,VALE3.SA,61.87763214111328
2022-12-20,VALE3.SA,62.15305709838867
2022-12-21,VALE3.SA,62.508216857910156
2022-12-22,VALE3.SA,62.15305709838867
2022-12-23,VALE3.SA,62.566200256347656
2022-12-26,VALE3.SA,63.13881301879883
2022-12-27,VALE3.SA,64.64643096923828
2022-12-28,VALE3.SA,64.50145721435547
2022-12-29,VALE3.SA,64.42173767089844
2023-01-02,VALE3.SA,64.79863739013672
2023-01-03,VALE3.SA,64.68266296386719
2023-01-04,VALE3.SA,64.79863739013672
2023-01-05,VALE3.SA,65.8858642578125
2023-01-06,VALE3.SA,66.92959594726562
2023-01-09,VALE3.SA,67.00209045410156
2023-01-10,VALE3.SA,67.828369140625
2023-01-11,VALE3.SA,67.58917999267578
2023-01-12,VALE3.SA,67.9443359375
2023-01-13,VALE3.SA,68.00232696533203
2023-01-16,VALE3.SA,66.86437225341797
2023-01-17,VALE3.SA,66.77737426757812
2023-01-18,VALE3.SA,67.65441131591797
2023-01-19,VALE3.SA,67.9443359375
2023-01-20,VALE3.SA,68.12554168701172
2023-01-23,VALE3.SA,68.3502426147461
2023-01-24,VALE3.SA,69.07505798339844
2023-01-25,VALE3.SA,69.72738647460938
2023-01-26,VALE3.SA,71.03205108642578
2023-01-27,VALE3.SA,69.08953857421875
2023-01-30,VALE3.SA,68.84312438964844
2023-01-31,VALE3.SA,68.5024642944336
2023-02-01,VALE3.SA,67.74140167236328
2023-02-02,VALE3.SA,64.61018371582031
2023-02-03,VALE3.SA,64.47245788574219
2023-02-06,VALE3.SA,63.66792297363281
2023-02-07,VALE3.SA,64.08831024169922
2023-02-08,VALE3.SA,64.3057632446289
2023-02-09,VALE3.SA,64.06658172607422
2023-02-10,VALE3.SA,62.91411590576172
2023-02-13,VALE3.SA,62.84888458251953
2023-02-14,VALE3.SA,63.131553649902344
2023-02-15,VALE3.SA,64.50870513916016
2023-02-16,VALE3.SA,64.64643096923828
2023-02-17,VALE3.SA,63.805633544921875
2023-02-22,VALE3.SA,63.320011138916016
2023-02-23,VALE3.SA,63.02284240722656
2023-02-24,VALE3.SA,61.63844680786133
2023-02-27,VALE3.SA,61.63844680786133
2023-02-28,VALE3.SA,61.84138870239258
2023-03-01,VALE3.SA,64.65367126464844
2023-03-02,VALE3.SA,64.50870513916016
2023-03-03,VALE3.SA,64.72615051269531
2023-03-06,VALE3.SA,62.44298553466797
2023-03-07,VALE3.SA,61.84864044189453
2023-03-08,VALE3.SA,62.41398620605469
2023-03-09,VALE3.SA,61.59494400024414
2023-03-10,VALE3.SA,61.391998291015625
2023-03-13,VALE3.SA,61.64568328857422
2023-03-14,VALE3.SA,62.20690155029297
2023-03-15,VALE3.SA,60.33283615112305
2023-03-16,VALE3.SA,60.555057525634766
2023-03-17,VALE3.SA,61.280982971191406
2023-03-20,VALE3.SA,61.78468322753906
2023-03-21,VALE3.SA,61.26616668701172
2023-03-22,VALE3.SA,60.503211975097656
2023-03-23,VALE3.SA,58.94766616821289
2023-03-24,VALE3.SA,58.273597717285156
2023-03-27,VALE3.SA,58.177303314208984
2023-03-28,VALE3.SA,58.7921142578125
2023-03-29,VALE3.SA,59.636558532714844
2023-03-30,VALE3.SA,60.60690689086914
2023-03-31,VALE3.SA,59.47359085083008
2023-04-03,VALE3.SA,59.488399505615234
2023-04-04,VALE3.SA,57.806941986083984
2023-04-05,VALE3.SA,56.95508575439453
2023-04-06,VALE3.SA,56.85137939453125
2023-04-10,VALE3.SA,57.94767379760742
2023-04-11,VALE3.SA,61.00691604614258
2023-04-12,VALE3.SA,59.70322036743164
2023-04-13,VALE3.SA,58.895816802978516
2023-04-14,VALE3.SA,58.377296447753906
2023-04-17,VALE3.SA,57.68101119995117
2023-04-18,VALE3.SA,58.177303314208984
2023-04-19,VALE3.SA,56.48101043701172
2023-04-20,VALE3.SA,55.303253173828125
2023-04-24,VALE3.SA,53.30326461791992
2023-04-25,VALE3.SA,51.85142517089844
2023-04-26,VALE3.SA,52.05142593383789
2023-04-27,VALE3.SA,53.155120849609375
2023-04-28,VALE3.SA,53.629188537597656
2023-05-02,VALE3.SA,51.51068878173828
2023-05-03,VALE3.SA,51.110687255859375
2023-05-04,VALE3.SA,49.52552032470703
2023-05-05,VALE3.SA,51.14031982421875
2023-05-08,VALE3.SA,51.8292121887207
2023-05-09,VALE3.SA,52.36253356933594
2023-05-10,VALE3.SA,51.377357482910156
2023-05-11,VALE3.SA,50.37736511230469
2023-05-12,VALE3.SA,50.429222106933594
2023-05-15,VALE3.SA,51.15513229370117
2023-05-16,VALE3.SA,50.103294372558594
2023-05-17,VALE3.SA,51.762535095214844
2023-05-18,VALE3.SA,51.83661651611328
2023-05-19,VALE3.SA,51.2662467956543
2023-05-22,VALE3.SA,50.44403076171875
2023-05-23,VALE3.SA,49.30329895019531
2023-05-24,VALE3.SA,48.184791564941406
2023-05-25,VALE3.SA,48.03664016723633
2023-05-26,VALE3.SA,49.1329345703125
2023-05-29,VALE3.SA,48.76256561279297
2023-05-30,VALE3.SA,47.61442184448242
2023-05-31,VALE3.SA,47.26627731323242
2023-06-01,VALE3.SA,48.26626968383789
2023-06-02,VALE3.SA,50.32551193237305
2023-06-05,VALE3.SA,49.910701751708984
2023-06-06,VALE3.SA,50.07366943359375
2023-06-07,VALE3.SA,50.866249084472656
2023-06-09,VALE3.SA,50.63662338256836
2023-06-12,VALE3.SA,49.71811294555664
2023-06-13,VALE3.SA,50.24403381347656
2023-06-14,VALE3.SA,51.12550354003906
2023-06-15,VALE3.SA,51.5255012512207
2023-06-16,VALE3.SA,51.60698318481445
2023-06-19,VALE3.SA,51.406986236572266
2023-06-20,VALE3.SA,50.08107376098633
2023-06-21,VALE3.SA,49.57737731933594
2023-06-22,VALE3.SA,49.310707092285156
2023-06-23,VALE3.SA,48.814414978027344
2023-06-26,VALE3.SA,48.91811752319336
2023-06-27,VALE3.SA,49.5032958984375
2023-06-28,VALE3.SA,47.94035339355469
2023-06-29,VALE3.SA,48.52553176879883
2023-06-30,VALE3.SA,47.56998825073242
2023-07-03,VALE3.SA,49.058860778808594
2023-07-04,VALE3.SA,48.814414978027344
2023-07-05,VALE3.SA,48.384788513183594
2023-07-06,VALE3.SA,48.03664016723633
2023-07-07,VALE3.SA,48.48849105834961
2023-07-10,VALE3.SA,47.74775695800781
2023-07-11,VALE3.SA,49.318115234375
2023-07-12,VALE3.SA,49.666263580322266
2023-07-13,VALE3.SA,50.82180404663086
2023-07-14,VALE3.SA,50.82180404663086
2023-07-17,VALE3.SA,50.25885009765625
2023-07-18,VALE3.SA,49.94033432006836
2023-07-19,VALE3.SA,49.80699920654297
2023-07-20,VALE3.SA,49.91810607910156
2023-07-21,VALE3.SA,50.2218132019043
2023-07-24,VALE3.SA,51.74032211303711
2023-07-25,VALE3.SA,53.34030532836914
2023-07-26,VALE3.SA,53.155120849609375
2023-07-27,VALE3.SA,52.16253662109375
2023-07-28,VALE3.SA,50.095882415771484
2023-07-31,VALE3.SA,51.229209899902344
2023-08-01,VALE3.SA,50.51810836791992
2023-08-02,VALE3.SA,49.695884704589844
2023-08-03,VALE3.SA,50.00700378417969
2023-08-04,VALE3.SA,50.04404067993164
2023-08-07,VALE3.SA,50.2958869934082
2023-08-08,VALE3.SA,49.96996307373047
2023-08-09,VALE3.SA,49.518104553222656
2023-08-10,VALE3.SA,48.93292999267578
2023-08-11,VALE3.SA,48.52553176879883
2023-08-14,VALE3.SA,47.234764099121094
2023-08-15,VALE3.SA,46.7692756652832
2023-08-16,VALE3.SA,46.58613586425781
2023-08-17,VALE3.SA,47.24238586425781
2023-08-18,VALE3.SA,46.71585464477539
2023-08-21,VALE3.SA,46.77690505981445
2023-08-22,VALE3.SA,47.7536506652832
2023-08-23,VALE3.SA,48.104671478271484
2023-08-24,VALE3.SA,47.46368408203125
2023-08-25,VALE3.SA,47.364479064941406
2023-08-28,VALE3.SA,48.04362487792969
2023-08-29,VALE3.SA,49.577415466308594
2023-08-30,VALE3.SA,49.585052490234375
2023-08-31,VALE3.SA,49.66135787963867
2023-09-01,VALE3.SA,52.568695068359375
2023-09-04,VALE3.SA,52.95786666870117
2023-09-05,VALE3.SA,52.72894287109375
2023-09-06,VALE3.SA,51.881919860839844
2023-09-08,VALE3.SA,50.905174255371094
2023-09-11,VALE3.SA,51.63774108886719
2023-09-12,VALE3.SA,51.59959030151367
2023-09-13,VALE3.SA,51.40118408203125
2023-09-14,VALE3.SA,53.50728988647461
2023-09-15,VALE3.SA,53.064697265625
2023-09-18,VALE3.SA,52.43897247314453
2023-09-19,VALE3.SA,52.53817367553711
2023-09-20,VALE3.SA,52.88918685913086
2023-09-21,VALE3.SA,51.50801467895508
2023-09-22,VALE3.SA,51.889556884765625
2023-09-25,VALE3.SA,50.82123565673828
2023-09-26,VALE3.SA,50.02763366699219
2023-09-27,VALE3.SA,50.13446044921875
2023-09-28,VALE3.SA,50.897552490234375
2023-09-29,VALE3.SA,51.569061279296875
2023-10-02,VALE3.SA,51.11884307861328
2023-10-03,VALE3.SA,50.80597686767578
2023-10-04,VALE3.SA,50.26419448852539
2023-10-05,VALE3.SA,50.287078857421875
2023-10-06,VALE3.SA,51.0196418762207
2023-10-09,VALE3.SA,50.65335464477539
2023-10-10,VALE3.SA,50.95859146118164
2023-10-11,VALE3.SA,51.40118408203125
2023-10-13,VALE3.SA,50.81360626220703
2023-10-16,VALE3.SA,51.35540008544922
2023-10-17,VALE3.SA,51.77509307861328
2023-10-18,VALE3.SA,49.87501525878906
2023-10-19,VALE3.SA,49.157718658447266
2023-10-20,VALE3.SA,47.829959869384766
2023-10-23,VALE3.SA,47.7383918762207
2023-10-24,VALE3.SA,48.82959747314453
2023-10-25,VALE3.SA,48.7838134765625
2023-10-26,VALE3.SA,49.82923126220703
2023-10-27,VALE3.SA,51.561431884765625
2023-10-30,VALE3.SA,52.02690887451172
2023-10-31,VALE3.SA,52.65262985229492
2023-11-01,VALE3.SA,53.6599006652832
2023-11-03,VALE3.SA,54.3314094543457
2023-11-06,VALE3.SA,54.560340881347656
2023-11-07,VALE3.SA,53.47676086425781
2023-11-08,VALE3.SA,53.51491165161133
2023-11-09,VALE3.SA,53.77436447143555
2023-11-10,VALE3.SA,54.59849548339844
2023-11-13,VALE3.SA,54.48402786254883
2023-11-14,VALE3.SA,56.170440673828125
2023-11-16,VALE3.SA,56.544349670410156
2023-11-17,VALE3.SA,56.65117645263672
2023-11-20,VALE3.SA,58.03998947143555
2023-11-21,VALE3.SA,59.44405746459961
2023-11-22,VALE3.SA,58.87900161743164
2023-11-23,VALE3.SA,58.509281158447266
2023-11-24,VALE3.SA,58.013710021972656
2023-11-27,VALE3.SA,57.6675910949707
2023-11-28,VALE3.SA,57.79345703125
2023-11-29,VALE3.SA,57.77772521972656
2023-11-30,VALE3.SA,58.09237289428711
2023-12-01,VALE3.SA,59.1700439453125
2023-12-04,VALE3.SA,57.84065246582031
2023-12-05,VALE3.SA,57.30574417114258
2023-12-06,VALE3.SA,56.928165435791016
2023-12-07,VALE3.SA,57.109092712402344
2023-12-08,VALE3.SA,57.266414642333984
2023-12-11,VALE3.SA,57.3136100769043
2023-12-12,VALE3.SA,57.41587448120117
2023-12-13,VALE3.SA,57.423744201660156
2023-12-14,VALE3.SA,57.738399505615234
2023-12-15,VALE3.SA,58.100242614746094
2023-12-18,VALE3.SA,58.37556076049805
2023-12-19,VALE3.SA,58.78459930419922
2023-12-20,VALE3.SA,58.5958137512207
2023-12-21,VALE3.SA,60.546653747558594
2023-12-22,VALE3.SA,60.09040451049805
2023-12-26,VALE3.SA,60.30279541015625
2023-12-27,VALE3.SA,60.88490295410156
2023-12-28,VALE3.SA,60.72756576538086
2024-01-02,VALE3.SA,60.60957336425781
2024-01-03,VALE3.SA,60.294925689697266
2024-01-04,VALE3.SA,59.48469924926758
2024-01-05,VALE3.SA,58.72167205810547
2024-01-08,VALE3.SA,58.42275619506836
2024-01-09,VALE3.SA,57.68333053588867
2024-01-10,VALE3.SA,56.81803512573242
2024-01-11,VALE3.SA,57.1169548034668
2024-01-12,VALE3.SA,56.393253326416016
2024-01-15,VALE3.SA,56.28312683105469
2024-01-16,VALE3.SA,55.55156707763672
2024-01-17,VALE3.SA,54.552547454833984
2024-01-18,VALE3.SA,54.27722930908203
2024-01-19,VALE3.SA,53.569271087646484
2024-01-22,VALE3.SA,53.333290100097656
2024-01-23,VALE3.SA,54.43455505371094
2024-01-24,VALE3.SA,54.985198974609375
2024-01-25,VALE3.SA,53.632198333740234
2024-01-26,VALE3.SA,54.67054748535156
2024-01-29,VALE3.SA,54.41095733642578
2024-01-30,VALE3.SA,54.10417556762695
2024-01-31,VALE3.SA,53.30181884765625
2024-02-01,VALE3.SA,53.05796432495117
2024-02-02,VALE3.SA,51.98028564453125
2024-02-05,VALE3.SA,51.53190994262695
2024-02-06,VALE3.SA,52.444393157958984
2024-02-07,VALE3.SA,52.54665756225586
2024-02-08,VALE3.SA,52.082542419433594
2024-02-09,VALE3.SA,51.85442352294922
2024-02-14,VALE3.SA,51.69710159301758
2024-02-15,VALE3.SA,51.53190994262695
2024-02-16,VALE3.SA,53.49060821533203
2024-02-19,VALE3.SA,53.08942413330078
2024-02-20,VALE3.SA,51.92521667480469
2024-02-21,VALE3.SA,52.31853485107422
2024-02-22,VALE3.SA,52.87704086303711
2024-02-23,VALE3.SA,53.002899169921875
2024-02-26,VALE3.SA,51.720703125
2024-02-27,VALE3.SA,53.08155822753906
2024-02-28,VALE3.SA,52.499454498291016
2024-02-29,VALE3.SA,52.69611358642578
2024-03-01,VALE3.SA,52.609580993652344
2024-03-04,VALE3.SA,52.4915885925293
2024-03-05,VALE3.SA,51.79935836791992
2024-03-06,VALE3.SA,52.50732421875
2024-03-07,VALE3.SA,52.32639694213867
2024-03-08,VALE3.SA,51.92521667480469
2024-03-11,VALE3.SA,50.3126335144043
2024-03-12,VALE3.SA,49.99915313720703
2024-03-13,VALE3.SA,50.31966018676758
2024-03-14,VALE3.SA,49.678646087646484
2024-03-15,VALE3.SA,49.111595153808594
2024-03-18,VALE3.SA,50.04846954345703
2024-03-19,VALE3.SA,50.45936965942383
2024-03-20,VALE3.SA,50.79631423950195
2024-03-21,VALE3.SA,50.67304229736328
2024-03-22,VALE3.SA,50.08955383300781
2024-03-25,VALE3.SA,49.98271560668945
2024-03-26,VALE3.SA,49.349918365478516
2024-03-27,VALE3.SA,49.80191421508789
2024-03-28,VALE3.SA,49.990936279296875
2024-04-01,VALE3.SA,50.311439514160156
2024-04-02,VALE3.SA,50.90314865112305
2024-04-03,VALE3.SA,50.171730041503906
2024-04-04,VALE3.SA,49.61289978027344
2024-04-05,VALE3.SA,49.07050323486328
2024-04-08,VALE3.SA,51.74961471557617
2024-04-09,VALE3.SA,51.40445327758789
2024-04-10,VALE3.SA,50.62372970581055
2024-04-11,VALE3.SA,50.837406158447266
2024-04-12,VALE3.SA,50.64839172363281
2024-04-15,VALE3.SA,50.94424057006836
2024-04-16,VALE3.SA,50.492244720458984
2024-04-17,VALE3.SA,51.04286193847656
2024-04-18,VALE3.SA,51.23187255859375
2024-04-19,VALE3.SA,52.070125579833984
2024-04-22,VALE3.SA,52.04547119140625
2024-04-23,VALE3.SA,51.593475341796875
2024-04-24,VALE3.SA,52.23448944091797
2024-04-25,VALE3.SA,51.13325881958008
2024-04-26,VALE3.SA,51.13325881958008
2024-04-29,VALE3.SA,52.5139045715332
2024-04-30,VALE3.SA,52.012596130371094
2024-05-02,VALE3.SA,52.530338287353516
2024-05-03,VALE3.SA,52.587867736816406
2024-05-06,VALE3.SA,52.744014739990234
2024-05-07,VALE3.SA,53.07273483276367
2024-05-08,VALE3.SA,52.587867736816406
2024-05-09,VALE3.SA,53.01520919799805
2024-05-10,VALE3.SA,52.83441162109375
2024-05-13,VALE3.SA,53.146697998046875
2024-05-14,VALE3.SA,53.11382293701172
2024-05-15,VALE3.SA,52.95768737792969
2024-05-16,VALE3.SA,53.34394073486328
2024-05-17,VALE3.SA,54.387638092041016
2024-05-20,VALE3.SA,54.36298370361328
2024-05-21,VALE3.SA,54.20684051513672
2024-05-22,VALE3.SA,53.77949905395508
2024-05-23,VALE3.SA,53.4589958190918
2024-05-24,VALE3.SA,53.483646392822266
2024-05-27,VALE3.SA,53.66444396972656
2024-05-28,VALE3.SA,52.50568389892578
2024-05-29,VALE3.SA,51.97150421142578
2024-05-31,VALE3.SA,51.938636779785156
2024-06-03,VALE3.SA,50.84561538696289
2024-06-04,VALE3.SA,50.327880859375
2024-06-05,VALE3.SA,49.61289978027344
2024-06-06,VALE3.SA,50.30322265625
2024-06-07,VALE3.SA,49.645774841308594
2024-06-10,VALE3.SA,50.18817138671875
2024-06-11,VALE3.SA,50.11420822143555
2024-06-12,VALE3.SA,49.423885345458984
2024-06-13,VALE3.SA,49.990936279296875
2024-06-14,VALE3.SA,49.818355560302734
2024-06-17,VALE3.SA,49.621116638183594
2024-06-18,VALE3.SA,49.85122299194336
2024-06-19,VALE3.SA,50.00737380981445
2024-06-20,VALE3.SA,50.45936965942383
2024-06-21,VALE3.SA,49.990936279296875
2024-06-24,VALE3.SA,50.04846954345703
2024-06-25,VALE3.SA,49.84300994873047
2024-06-26,VALE3.SA,50.45936965942383
2024-06-27,VALE3.SA,50.590858459472656
2024-06-28,VALE3.SA,51.13325881958008
2024-07-01,VALE3.SA,51.889320373535156
2024-07-02,VALE3.SA,51.71674728393555
2024-07-03,VALE3.SA,52.744014739990234
2024-07-04,VALE3.SA,52.48103332519531
2024-07-05,VALE3.SA,52.267356872558594
2024-07-08,VALE3.SA,51.856449127197266
2024-07-09,VALE3.SA,51.790706634521484
2024-07-10,VALE3.SA,51.092166900634766
2024-07-11,VALE3.SA,50.96067428588867
2024-07-12,VALE3.SA,51.708518981933594
2024-07-15,VALE3.SA,51.76605224609375
2024-07-16,VALE3.SA,51.22365951538086
2024-07-17,VALE3.SA,50.747005462646484
2024-07-18,VALE3.SA,50.27035140991211
2024-07-19,VALE3.SA,50.22926330566406
2024-07-22,VALE3.SA,50.171730041503906
2024-07-23,VALE3.SA,49.49784469604492
2024-07-24,VALE3.SA,49.80191421508789
2024-07-25,VALE3.SA,49.77726364135742
2024-07-26,VALE3.SA,50.51689529418945
2024-07-29,VALE3.SA,50.6072998046875
2024-07-30,VALE3.SA,49.48963165283203
2024-07-31,VALE3.SA,50.64839172363281
2024-08-01,VALE3.SA,49.5142822265625
2024-08-02,VALE3.SA,48.82395553588867
2024-08-05,VALE3.SA,48.5716438293457
2024-08-06,VALE3.SA,48.81867599487305
2024-08-07,VALE3.SA,48.7249755859375
2024-08-08,VALE3.SA,48.42683410644531
2024-08-09,VALE3.SA,48.60572052001953
2024-08-12,VALE3.SA,48.35868453979492
2024-08-13,VALE3.SA,48.14572525024414
2024-08-14,VALE3.SA,47.70277404785156
2024-08-15,VALE3.SA,47.8986930847168
2024-08-16,VALE3.SA,47.77091598510742
2024-08-19,VALE3.SA,48.537574768066406
2024-08-20,VALE3.SA,48.7249755859375
2024-08-21,VALE3.SA,49.66199493408203
2024-08-22,VALE3.SA,49.730140686035156
2024-08-23,VALE3.SA,48.89533996582031
2024-08-26,VALE3.SA,49.449031829833984
2024-08-27,VALE3.SA,50.93974685668945
2024-08-28,VALE3.SA,50.573455810546875
2024-08-29,VALE3.SA,50.513832092285156
2024-08-30,VALE3.SA,50.75234603881836
2024-09-02,VALE3.SA,50.03680419921875
2024-09-03,VALE3.SA,48.17127990722656
2024-09-04,VALE3.SA,48.54609298706055
2024-09-05,VALE3.SA,48.89533996582031
2024-09-06,VALE3.SA,48.28202438354492
2024-09-09,VALE3.SA,48.28202438354492
2024-09-10,VALE3.SA,47.70277404785156
2024-09-11,VALE3.SA,49.057193756103516
2024-09-12,VALE3.SA,49.500144958496094
2024-09-13,VALE3.SA,49.832359313964844
2024-09-16,VALE3.SA,49.832359313964844
2024-09-17,VALE3.SA,49.593849182128906
2024-09-18,VALE3.SA,49.01460266113281
2024-09-19,VALE3.SA,49.60236358642578
2024-09-20,VALE3.SA,48.852752685546875
2024-09-23,VALE3.SA,49.006080627441406
2024-09-24,VALE3.SA,51.39973831176758
2024-09-25,VALE3.SA,51.62973403930664
2024-09-26,VALE3.SA,54.73041534423828
2024-09-27,VALE3.SA,54.48338317871094
2024-09-30,VALE3.SA,54.10005569458008
2024-10-01,VALE3.SA,54.3641242980957
2024-10-02,VALE3.SA,54.662261962890625
2024-10-03,VALE3.SA,53.614505767822266
2024-10-04,VALE3.SA,53.2226676940918
2024-10-07,VALE3.SA,53.6911735534668
2024-10-08,VALE3.SA,52.064170837402344
2024-10-09,VALE3.SA,51.92787170410156
2024-10-10,VALE3.SA,52.17490768432617
2024-10-11,VALE3.SA,52.92452621459961
2024-10-14,VALE3.SA,52.7541618347168
2024-10-15,VALE3.SA,52.10676574707031
2024-10-16,VALE3.SA,53.10340881347656
2024-10-17,VALE3.SA,51.75750732421875
2024-10-18,VALE3.SA,51.57862091064453
2024-10-21,VALE3.SA,51.39122009277344
2024-10-22,VALE3.SA,51.45936584472656
2024-10-23,VALE3.SA,50.55642318725586
2024-10-24,VALE3.SA,50.85456466674805
2024-10-25,VALE3.SA,52.58378982543945
2024-10-28,VALE3.SA,53.56340026855469
2024-10-29,VALE3.SA,53.375999450683594
2024-10-30,VALE3.SA,53.21414566040039
2024-10-31,VALE3.SA,52.864898681640625
2024-11-01,VALE3.SA,52.83934020996094
2024-11-04,VALE3.SA,53.38451385498047
2024-11-05,VALE3.SA,52.9160041809082
2024-11-06,VALE3.SA,52.3197135925293
2024-11-07,VALE3.SA,54.14265060424805
2024-11-08,VALE3.SA,51.64677810668945
2024-11-11,VALE3.SA,49.96013641357422
2024-11-12,VALE3.SA,48.82719802856445
2024-11-13,VALE3.SA,48.69090270996094
2024-11-14,VALE3.SA,48.41831588745117
2024-11-18,VALE3.SA,49.02311706542969
2024-11-19,VALE3.SA,49.13385772705078
2024-11-21,VALE3.SA,49.08274841308594
2024-11-22,VALE3.SA,49.55977249145508
2024-11-25,VALE3.SA,49.5512580871582
2024-11-26,VALE3.SA,48.9208984375
2024-11-27,VALE3.SA,49.51718521118164
2024-11-28,VALE3.SA,49.006080627441406
2024-11-29,VALE3.SA,50.07087326049805
2024-12-02,VALE3.SA,50.190128326416016
2024-12-03,VALE3.SA,49.80680847167969
2024-12-04,VALE3.SA,48.835716247558594
2024-12-05,VALE3.SA,49.23607635498047
2024-12-06,VALE3.SA,48.39276123046875
2024-12-09,VALE3.SA,50.965301513671875
2024-12-10,VALE3.SA,50.91419219970703
2024-12-11,VALE3.SA,50.12199020385742
2024-12-12,VALE3.SA,48.738746643066406
2024-12-13,VALE3.SA,48.00822067260742
2024-12-16,VALE3.SA,47.982444763183594
2024-12-17,VALE3.SA,48.22308349609375
2024-12-18,VALE3.SA,47.105812072753906
2024-12-19,VALE3.SA,46.211997985839844
2024-12-20,VALE3.SA,46.9425163269043
2024-12-23,VALE3.SA,47.14019012451172
2024-12-26,VALE3.SA,47.2776985168457
2024-12-27,VALE3.SA,47.045650482177734
2024-12-30,VALE3.SA,46.88235855102539
2022-01-03,VBBR3.SA,14.420705795288086
2022-01-04,VBBR3.SA,14.335671424865723
2022-01-05,VBBR3.SA,13.704985618591309
2022-01-06,VBBR3.SA,13.612862586975098
2022-01-07,VBBR3.SA,13.584521293640137
2022-01-10,VBBR3.SA,13.492395401000977
2022-01-11,VBBR3.SA,13.761678695678711
2022-01-12,VBBR3.SA,14.470312118530273
2022-01-13,VBBR3.SA,14.264809608459473
2022-01-14,VBBR3.SA,14.052218437194824
2022-01-17,VBBR3.SA,13.839628219604492
2022-01-18,VBBR3.SA,13.889230728149414
2022-01-19,VBBR3.SA,14.541175842285156
2022-01-20,VBBR3.SA,15.08682632446289
2022-01-21,VBBR3.SA,15.164774894714355
2022-01-24,VBBR3.SA,14.89549446105957
2022-01-25,VBBR3.SA,15.263981819152832
2022-01-26,VBBR3.SA,15.207292556762695
2022-01-27,VBBR3.SA,15.944270133972168
2022-01-28,VBBR3.SA,16.100168228149414
2022-01-31,VBBR3.SA,16.22772789001465
2022-02-01,VBBR3.SA,15.993875503540039
2022-02-02,VBBR3.SA,15.859237670898438
2022-02-03,VBBR3.SA,15.91592788696289
2022-02-04,VBBR3.SA,16.043479919433594
2022-02-07,VBBR3.SA,15.745856285095215
2022-02-08,VBBR3.SA,15.667906761169434
2022-02-09,VBBR3.SA,16.128517150878906
2022-02-10,VBBR3.SA,16.18520736694336
2022-02-11,VBBR3.SA,16.192293167114258
2022-02-14,VBBR3.SA,16.348194122314453
2022-02-15,VBBR3.SA,16.737943649291992
2022-02-16,VBBR3.SA,17.326108932495117
2022-02-17,VBBR3.SA,17.106428146362305
2022-02-18,VBBR3.SA,16.96470832824707
2022-02-21,VBBR3.SA,16.64582061767578
2022-02-22,VBBR3.SA,16.90801429748535
2022-02-23,VBBR3.SA,16.66707992553711
2022-02-24,VBBR3.SA,16.66707992553711
2022-02-25,VBBR3.SA,16.7166805267334
2022-03-02,VBBR3.SA,16.82297706604004
2022-03-03,VBBR3.SA,16.546611785888672
2022-03-04,VBBR3.SA,16.071826934814453
2022-03-07,VBBR3.SA,15.3277587890625
2022-03-08,VBBR3.SA,15.434056282043457
2022-03-09,VBBR3.SA,15.752938270568848
2022-03-10,VBBR3.SA,15.667906761169434
2022-03-11,VBBR3.SA,15.278159141540527
2022-03-14,VBBR3.SA,15.207292556762695
2022-03-15,VBBR3.SA,15.178948402404785
2022-03-16,VBBR3.SA,15.483659744262695
2022-03-17,VBBR3.SA,15.845061302185059
2022-03-18,VBBR3.SA,16.638729095458984
2022-03-21,VBBR3.SA,16.34110450744629
2022-03-22,VBBR3.SA,17.049741744995117
2022-03-23,VBBR3.SA,17.05682945251465
2022-03-24,VBBR3.SA,17.304851531982422
2022-03-25,VBBR3.SA,17.38988494873047
2022-03-28,VBBR3.SA,17.311933517456055
2022-03-29,VBBR3.SA,17.297761917114258
2022-03-30,VBBR3.SA,16.794631958007812
2022-03-31,VBBR3.SA,16.567867279052734
2022-04-01,VBBR3.SA,17.04265594482422
2022-04-04,VBBR3.SA,16.99304962158203
2022-04-05,VBBR3.SA,16.426143646240234
2022-04-06,VBBR3.SA,15.951359748840332
2022-04-07,VBBR3.SA,15.887580871582031
2022-04-08,VBBR3.SA,15.646646499633789
2022-04-11,VBBR3.SA,15.47657299041748
2022-04-12,VBBR3.SA,15.41279411315918
2022-04-13,VBBR3.SA,15.639559745788574
2022-04-14,VBBR3.SA,16.07891273498535
2022-04-18,VBBR3.SA,16.06473731994629
2022-04-19,VBBR3.SA,15.937186241149902
2022-04-20,VBBR3.SA,15.930096626281738
2022-04-22,VBBR3.SA,15.703333854675293
2022-04-25,VBBR3.SA,15.717506408691406
2022-04-26,VBBR3.SA,15.249807357788086
2022-04-27,VBBR3.SA,15.249807357788086
2022-04-28,VBBR3.SA,15.426965713500977
2022-04-29,VBBR3.SA,15.047301292419434
2022-05-02,VBBR3.SA,14.826434135437012
2022-05-03,VBBR3.SA,14.698190689086914
2022-05-04,VBBR3.SA,15.075797080993652
2022-05-05,VBBR3.SA,14.277835845947266
2022-05-06,VBBR3.SA,14.249334335327148
2022-05-09,VBBR3.SA,13.828981399536133
2022-05-10,VBBR3.SA,13.622365951538086
2022-05-11,VBBR3.SA,13.543992042541504
2022-05-12,VBBR3.SA,13.828981399536133
2022-05-13,VBBR3.SA,13.786234855651855
2022-05-16,VBBR3.SA,13.992847442626953
2022-05-17,VBBR3.SA,14.249334335327148
2022-05-18,VBBR3.SA,13.950100898742676
2022-05-19,VBBR3.SA,13.665109634399414
2022-05-20,VBBR3.SA,14.106843948364258
2022-05-23,VBBR3.SA,14.448827743530273
2022-05-24,VBBR3.SA,14.128217697143555
2022-05-25,VBBR3.SA,14.206587791442871
2022-05-26,VBBR3.SA,14.391829490661621
2022-05-27,VBBR3.SA,14.520073890686035
2022-05-30,VBBR3.SA,14.170964241027832
2022-05-31,VBBR3.SA,13.850356101989746
2022-06-01,VBBR3.SA,13.650866508483887
2022-06-02,VBBR3.SA,13.850356101989746
2022-06-03,VBBR3.SA,13.42287540435791
2022-06-06,VBBR3.SA,13.109386444091797
2022-06-07,VBBR3.SA,13.287508010864258
2022-06-08,VBBR3.SA,13.095138549804688
2022-06-09,VBBR3.SA,12.924149513244629
2022-06-10,VBBR3.SA,12.404047966003418
2022-06-13,VBBR3.SA,12.040689468383789
2022-06-14,VBBR3.SA,12.126184463500977
2022-06-15,VBBR3.SA,12.197431564331055
2022-06-17,VBBR3.SA,12.005066871643066
2022-06-20,VBBR3.SA,11.955194473266602
2022-06-21,VBBR3.SA,12.133312225341797
2022-06-22,VBBR3.SA,12.432546615600586
2022-06-23,VBBR3.SA,12.019315719604492
2022-06-24,VBBR3.SA,11.898195266723633
2022-06-27,VBBR3.SA,11.898195266723633
2022-06-28,VBBR3.SA,12.083436965942383
2022-06-29,VBBR3.SA,12.040689468383789
2022-06-30,VBBR3.SA,11.905320167541504
2022-07-01,VBBR3.SA,12.033564567565918
2022-07-04,VBBR3.SA,11.655956268310547
2022-07-05,VBBR3.SA,11.69870376586914
2022-07-06,VBBR3.SA,11.648833274841309
2022-07-07,VBBR3.SA,11.791325569152832
2022-07-08,VBBR3.SA,11.805575370788574
2022-07-11,VBBR3.SA,11.492088317871094
2022-07-12,VBBR3.SA,11.591835021972656
2022-07-13,VBBR3.SA,11.905320167541504
2022-07-14,VBBR3.SA,11.997941970825195
2022-07-15,VBBR3.SA,11.983692169189453
2022-07-18,VBBR3.SA,11.705829620361328
2022-07-19,VBBR3.SA,11.492088317871094
2022-07-20,VBBR3.SA,12.126184463500977
2022-07-21,VBBR3.SA,12.097686767578125
2022-07-22,VBBR3.SA,11.784200668334961
2022-07-25,VBBR3.SA,11.584709167480469
2022-07-26,VBBR3.SA,11.520587921142578
2022-07-27,VBBR3.SA,12.033564567565918
2022-07-28,VBBR3.SA,12.012190818786621
2022-07-29,VBBR3.SA,11.862573623657227
2022-08-01,VBBR3.SA,12.104809761047363
2022-08-02,VBBR3.SA,12.225930213928223
2022-08-03,VBBR3.SA,12.6676607131958
2022-08-04,VBBR3.SA,13.080890655517578
2022-08-05,VBBR3.SA,12.959773063659668
2022-08-08,VBBR3.SA,12.902774810791016
2022-08-09,VBBR3.SA,12.838653564453125
2022-08-10,VBBR3.SA,13.216259956359863
2022-08-11,VBBR3.SA,12.881400108337402
2022-08-12,VBBR3.SA,13.650866508483887
2022-08-15,VBBR3.SA,13.636614799499512
2022-08-16,VBBR3.SA,13.351628303527832
2022-08-17,VBBR3.SA,13.223386764526367
2022-08-18,VBBR3.SA,13.088014602661133
2022-08-19,VBBR3.SA,13.308878898620605
2022-08-22,VBBR3.SA,12.902774810791016
2022-08-23,VBBR3.SA,13.1165132522583
2022-08-24,VBBR3.SA,13.273258209228516
2022-08-25,VBBR3.SA,13.30175495147705
2022-08-26,VBBR3.SA,13.1165132522583
2022-08-29,VBBR3.SA,13.494119644165039
2022-08-30,VBBR3.SA,13.593866348266602
2022-08-31,VBBR3.SA,13.080890655517578
2022-09-01,VBBR3.SA,13.251884460449219
2022-09-02,VBBR3.SA,13.408626556396484
2022-09-05,VBBR3.SA,13.53686809539795
2022-09-06,VBBR3.SA,13.244760513305664
2022-09-08,VBBR3.SA,13.03101921081543
2022-09-09,VBBR3.SA,13.1165132522583
2022-09-12,VBBR3.SA,13.430000305175781
2022-09-13,VBBR3.SA,13.251884460449219
2022-09-14,VBBR3.SA,13.187761306762695
2022-09-15,VBBR3.SA,12.845776557922363
2022-09-16,VBBR3.SA,12.717531204223633
2022-09-19,VBBR3.SA,13.137886047363281
2022-09-20,VBBR3.SA,13.287508010864258
2022-09-21,VBBR3.SA,13.572494506835938
2022-09-22,VBBR3.SA,13.825718879699707
2022-09-23,VBBR3.SA,13.441064834594727
2022-09-26,VBBR3.SA,12.9983491897583
2022-09-27,VBBR3.SA,12.541122436523438
2022-09-28,VBBR3.SA,12.606439590454102
2022-09-29,VBBR3.SA,12.200016021728516
2022-09-30,VBBR3.SA,12.519350051879883
2022-10-03,VBBR3.SA,13.477354049682617
2022-10-04,VBBR3.SA,13.441064834594727
2022-10-05,VBBR3.SA,13.404775619506836
2022-10-06,VBBR3.SA,13.281396865844727
2022-10-07,VBBR3.SA,13.339457511901855
2022-10-10,VBBR3.SA,13.07818603515625
2022-10-11,VBBR3.SA,12.61369800567627
2022-10-13,VBBR3.SA,12.432259559631348
2022-10-14,VBBR3.SA,12.105667114257812
2022-10-17,VBBR3.SA,12.454031944274902
2022-10-18,VBBR3.SA,13.216080665588379
2022-10-19,VBBR3.SA,13.245108604431152
2022-10-20,VBBR3.SA,13.208823204040527
2022-10-21,VBBR3.SA,13.397518157958984
2022-10-24,VBBR3.SA,12.845942497253418
2022-10-25,VBBR3.SA,12.61369800567627
2022-10-26,VBBR3.SA,12.163726806640625
2022-10-27,VBBR3.SA,12.766107559204102
2022-10-28,VBBR3.SA,12.744336128234863
2022-10-31,VBBR3.SA,13.245108604431152
2022-11-01,VBBR3.SA,13.789427757263184
2022-11-03,VBBR3.SA,14.014412879943848
2022-11-04,VBBR3.SA,14.152310371398926
2022-11-07,VBBR3.SA,13.383001327514648
2022-11-08,VBBR3.SA,13.448323249816895
2022-11-09,VBBR3.SA,13.36122989654541
2022-11-10,VBBR3.SA,12.468547821044922
2022-11-11,VBBR3.SA,12.352424621582031
2022-11-14,VBBR3.SA,12.38145637512207
2022-11-16,VBBR3.SA,12.03309154510498
2022-11-17,VBBR3.SA,12.178244590759277
2022-11-18,VBBR3.SA,12.461289405822754
2022-11-21,VBBR3.SA,12.53386402130127
2022-11-22,VBBR3.SA,12.250819206237793
2022-11-23,VBBR3.SA,11.902454376220703
2022-11-24,VBBR3.SA,12.548381805419922
2022-11-25,VBBR3.SA,11.946000099182129
2022-11-28,VBBR3.SA,11.641180992126465
2022-11-29,VBBR3.SA,11.87342357635498
2022-11-30,VBBR3.SA,11.996804237365723
2022-12-01,VBBR3.SA,11.750043869018555
2022-12-02,VBBR3.SA,11.858909606933594
2022-12-05,VBBR3.SA,11.336359977722168
2022-12-06,VBBR3.SA,11.401679039001465
2022-12-07,VBBR3.SA,11.31458854675293
2022-12-08,VBBR3.SA,10.92267894744873
2022-12-09,VBBR3.SA,10.835585594177246
2022-12-12,VBBR3.SA,10.596087455749512
2022-12-13,VBBR3.SA,10.371102333068848
2022-12-14,VBBR3.SA,10.429162979125977
2022-12-15,VBBR3.SA,10.44367790222168
2022-12-16,VBBR3.SA,10.342071533203125
2022-12-19,VBBR3.SA,10.741240501403809
2022-12-20,VBBR3.SA,10.908164024353027
2022-12-21,VBBR3.SA,11.249271392822266
2022-12-22,VBBR3.SA,11.450407028198242
2022-12-23,VBBR3.SA,11.725871086120605
2022-12-26,VBBR3.SA,11.346176147460938
2022-12-27,VBBR3.SA,11.204721450805664
2022-12-28,VBBR3.SA,11.554637908935547
2022-12-29,VBBR3.SA,11.576971054077148
2023-01-02,VBBR3.SA,10.944146156311035
2023-01-03,VBBR3.SA,10.616564750671387
2023-01-04,VBBR3.SA,10.929256439208984
2023-01-05,VBBR3.SA,10.981371879577637
2023-01-06,VBBR3.SA,11.055822372436523
2023-01-09,VBBR3.SA,10.959035873413086
2023-01-10,VBBR3.SA,11.085601806640625
2023-01-11,VBBR3.SA,11.197277069091797
2023-01-12,VBBR3.SA,11.241947174072266
2023-01-13,VBBR3.SA,10.996261596679688
2023-01-16,VBBR3.SA,11.003705024719238
2023-01-17,VBBR3.SA,11.353621482849121
2023-01-18,VBBR3.SA,11.368512153625488
2023-01-19,VBBR3.SA,11.413180351257324
2023-01-20,VBBR3.SA,11.256836891174316
2023-01-23,VBBR3.SA,11.10049057006836
2023-01-24,VBBR3.SA,11.509965896606445
2023-01-25,VBBR3.SA,11.904550552368164
2023-01-26,VBBR3.SA,11.874770164489746
2023-01-27,VBBR3.SA,11.919442176818848
2023-01-30,VBBR3.SA,11.800322532653809
2023-01-31,VBBR3.SA,12.25446605682373
2023-02-01,VBBR3.SA,11.882216453552246
2023-02-02,VBBR3.SA,12.12045669555664
2023-02-03,VBBR3.SA,11.651422500610352
2023-02-06,VBBR3.SA,12.105566024780273
2023-02-07,VBBR3.SA,11.852437973022461
2023-02-08,VBBR3.SA,12.224686622619629
2023-02-09,VBBR3.SA,11.658865928649902
2023-02-10,VBBR3.SA,11.465296745300293
2023-02-13,VBBR3.SA,11.718424797058105
2023-02-14,VBBR3.SA,11.383401870727539
2023-02-15,VBBR3.SA,11.6216402053833
2023-02-16,VBBR3.SA,11.5993070602417
2023-02-17,VBBR3.SA,11.472742080688477
2023-02-22,VBBR3.SA,11.264281272888184
2023-02-23,VBBR3.SA,11.234501838684082
2023-02-24,VBBR3.SA,11.093047142028809
2023-02-27,VBBR3.SA,10.914365768432617
2023-02-28,VBBR3.SA,11.011152267456055
2023-03-01,VBBR3.SA,10.683572769165039
2023-03-02,VBBR3.SA,10.601676940917969
2023-03-03,VBBR3.SA,11.018597602844238
2023-03-06,VBBR3.SA,11.130273818969727
2023-03-07,VBBR3.SA,10.966482162475586
2023-03-08,VBBR3.SA,11.301504135131836
2023-03-09,VBBR3.SA,11.375955581665039
2023-03-10,VBBR3.SA,11.383401870727539
2023-03-13,VBBR3.SA,11.219612121582031
2023-03-14,VBBR3.SA,11.10793685913086
2023-03-15,VBBR3.SA,11.10049057006836
2023-03-16,VBBR3.SA,11.040931701660156
2023-03-17,VBBR3.SA,10.728242874145508
2023-03-20,VBBR3.SA,10.48255729675293
2023-03-21,VBBR3.SA,10.609121322631836
2023-03-22,VBBR3.SA,9.92418384552002
2023-03-23,VBBR3.SA,9.626382827758789
2023-03-24,VBBR3.SA,9.70083236694336
2023-03-27,VBBR3.SA,9.998632431030273
2023-03-28,VBBR3.SA,10.080528259277344
2023-03-29,VBBR3.SA,10.311321258544922
2023-03-30,VBBR3.SA,10.564452171325684
2023-03-31,VBBR3.SA,10.728242874145508
2023-04-03,VBBR3.SA,10.48255729675293
2023-04-04,VBBR3.SA,10.571897506713867
2023-04-05,VBBR3.SA,10.586788177490234
2023-04-06,VBBR3.SA,10.497448921203613
2023-04-10,VBBR3.SA,10.415552139282227
2023-04-11,VBBR3.SA,10.825026512145996
2023-04-12,VBBR3.SA,10.869697570800781
2023-04-13,VBBR3.SA,10.460222244262695
2023-04-14,VBBR3.SA,10.274096488952637
2023-04-17,VBBR3.SA,10.28154182434082
2023-04-18,VBBR3.SA,9.99118709564209
2023-04-19,VBBR3.SA,9.70827579498291
2023-04-20,VBBR3.SA,9.92418384552002
2023-04-24,VBBR3.SA,9.857176780700684
2023-04-25,VBBR3.SA,9.92418384552002
2023-04-26,VBBR3.SA,9.723166465759277
2023-04-27,VBBR3.SA,9.775282859802246
2023-04-28,VBBR3.SA,9.827397346496582
2023-05-02,VBBR3.SA,9.179681777954102
2023-05-03,VBBR3.SA,9.343470573425293
2023-05-04,VBBR3.SA,9.775282859802246
2023-05-05,VBBR3.SA,10.259206771850586
2023-05-08,VBBR3.SA,10.497448921203613
2023-05-09,VBBR3.SA,10.691017150878906
2023-05-10,VBBR3.SA,10.787801742553711
2023-05-11,VBBR3.SA,10.802693367004395
2023-05-12,VBBR3.SA,10.72079849243164
2023-05-15,VBBR3.SA,10.83247184753418
2023-05-16,VBBR3.SA,10.988816261291504
2023-05-17,VBBR3.SA,11.673757553100586
2023-05-18,VBBR3.SA,12.060895919799805
2023-05-19,VBBR3.SA,12.358695030212402
2023-05-22,VBBR3.SA,12.574601173400879
2023-05-23,VBBR3.SA,12.641607284545898
2023-05-24,VBBR3.SA,12.775615692138672
2023-05-25,VBBR3.SA,12.619271278381348
2023-05-26,VBBR3.SA,12.74583625793457
2023-05-29,VBBR3.SA,12.24702262878418
2023-05-30,VBBR3.SA,11.94922161102295
2023-05-31,VBBR3.SA,11.97900104522705
2023-06-01,VBBR3.SA,12.604381561279297
2023-06-02,VBBR3.SA,12.931960105895996
2023-06-05,VBBR3.SA,12.671385765075684
2023-06-06,VBBR3.SA,12.917071342468262
2023-06-07,VBBR3.SA,12.969185829162598
2023-06-09,VBBR3.SA,13.051080703735352
2023-06-12,VBBR3.SA,13.110641479492188
2023-06-13,VBBR3.SA,13.08830738067627
2023-06-14,VBBR3.SA,13.266988754272461
2023-06-15,VBBR3.SA,13.058528900146484
2023-06-16,VBBR3.SA,13.110641479492188
2023-06-19,VBBR3.SA,13.281875610351562
2023-06-20,VBBR3.SA,13.356327056884766
2023-06-21,VBBR3.SA,13.512673377990723
2023-06-22,VBBR3.SA,13.624344825744629
2023-06-23,VBBR3.SA,13.683905601501465
2023-06-26,VBBR3.SA,13.36377239227295
2023-06-27,VBBR3.SA,12.693721771240234
2023-06-28,VBBR3.SA,12.649049758911133
2023-06-29,VBBR3.SA,13.400996208190918
2023-06-30,VBBR3.SA,13.43822193145752
2023-07-03,VBBR3.SA,13.430774688720703
2023-07-04,VBBR3.SA,13.252097129821777
2023-07-05,VBBR3.SA,13.572232246398926
2023-07-06,VBBR3.SA,13.333989143371582
2023-07-07,VBBR3.SA,13.631791114807129
2023-07-10,VBBR3.SA,13.564784049987793
2023-07-11,VBBR3.SA,13.281875610351562
2023-07-12,VBBR3.SA,13.17020034790039
2023-07-13,VBBR3.SA,13.326546669006348
2023-07-14,VBBR3.SA,12.827731132507324
2023-07-17,VBBR3.SA,12.998968124389648
2023-07-18,VBBR3.SA,12.812841415405273
2023-07-19,VBBR3.SA,12.552267074584961
2023-07-20,VBBR3.SA,12.500150680541992
2023-07-21,VBBR3.SA,12.85750961303711
2023-07-24,VBBR3.SA,13.177645683288574
2023-07-25,VBBR3.SA,13.073416709899902
2023-07-26,VBBR3.SA,12.917071342468262
2023-07-27,VBBR3.SA,12.61182689666748
2023-07-28,VBBR3.SA,12.626717567443848
2023-07-31,VBBR3.SA,12.753281593322754
2023-08-01,VBBR3.SA,12.701166152954102
2023-08-02,VBBR3.SA,12.835177421569824
2023-08-03,VBBR3.SA,12.82028579711914
2023-08-04,VBBR3.SA,12.738391876220703
2023-08-07,VBBR3.SA,12.775615692138672
2023-08-08,VBBR3.SA,12.842620849609375
2023-08-09,VBBR3.SA,12.559711456298828
2023-08-10,VBBR3.SA,12.269355773925781
2023-08-11,VBBR3.SA,12.358695030212402
2023-08-14,VBBR3.SA,12.172572135925293
2023-08-15,VBBR3.SA,13.118086814880371
2023-08-16,VBBR3.SA,13.497780799865723
2023-08-17,VBBR3.SA,13.177645683288574
2023-08-18,VBBR3.SA,13.274431228637695
2023-08-21,VBBR3.SA,13.10319709777832
2023-08-22,VBBR3.SA,14.100824356079102
2023-08-23,VBBR3.SA,13.929590225219727
2023-08-24,VBBR3.SA,13.840252876281738
2023-08-25,VBBR3.SA,13.743465423583984
2023-08-28,VBBR3.SA,13.914700508117676
2023-08-29,VBBR3.SA,14.197611808776855
2023-08-30,VBBR3.SA,14.138051986694336
2023-08-31,VBBR3.SA,13.743465423583984
2023-09-01,VBBR3.SA,14.100824356079102
2023-09-04,VBBR3.SA,14.09338092803955
2023-09-05,VBBR3.SA,13.996597290039062
2023-09-06,VBBR3.SA,13.899811744689941
2023-09-08,VBBR3.SA,13.572232246398926
2023-09-11,VBBR3.SA,13.810470581054688
2023-09-12,VBBR3.SA,14.09338092803955
2023-09-13,VBBR3.SA,14.071045875549316
2023-09-14,VBBR3.SA,14.413515090942383
2023-09-15,VBBR3.SA,14.339064598083496
2023-09-18,VBBR3.SA,14.391179084777832
2023-09-19,VBBR3.SA,14.23483657836914
2023-09-20,VBBR3.SA,14.428403854370117
2023-09-21,VBBR3.SA,14.547525405883789
2023-09-22,VBBR3.SA,14.257573127746582
2023-09-25,VBBR3.SA,14.295638084411621
2023-09-26,VBBR3.SA,13.968314170837402
2023-09-27,VBBR3.SA,14.052044868469238
2023-09-28,VBBR3.SA,14.341310501098633
2023-09-29,VBBR3.SA,14.402204513549805
2023-10-02,VBBR3.SA,14.280410766601562
2023-10-03,VBBR3.SA,14.15861701965332
2023-10-04,VBBR3.SA,14.485940933227539
2023-10-05,VBBR3.SA,14.394594192504883
2023-10-06,VBBR3.SA,14.501168251037598
2023-10-09,VBBR3.SA,14.790426254272461
2023-10-10,VBBR3.SA,15.452682495117188
2023-10-11,VBBR3.SA,15.346114158630371
2023-10-13,VBBR3.SA,15.140585899353027
2023-10-16,VBBR3.SA,15.140585899353027
2023-10-17,VBBR3.SA,14.957893371582031
2023-10-18,VBBR3.SA,14.524001121520996
2023-10-19,VBBR3.SA,14.70669174194336
2023-10-20,VBBR3.SA,14.896995544433594
2023-10-23,VBBR3.SA,14.957893371582031
2023-10-24,VBBR3.SA,15.148200035095215
2023-10-25,VBBR3.SA,15.201481819152832
2023-10-26,VBBR3.SA,15.741947174072266
2023-10-27,VBBR3.SA,15.28521728515625
2023-10-30,VBBR3.SA,15.041627883911133
2023-10-31,VBBR3.SA,15.064460754394531
2023-11-01,VBBR3.SA,15.338504791259766
2023-11-03,VBBR3.SA,15.58209228515625
2023-11-06,VBBR3.SA,15.597314834594727
2023-11-07,VBBR3.SA,16.472715377807617
2023-11-08,VBBR3.SA,16.617347717285156
2023-11-09,VBBR3.SA,16.328081130981445
2023-11-10,VBBR3.SA,16.267183303833008
2023-11-13,VBBR3.SA,16.3128604888916
2023-11-14,VBBR3.SA,16.594507217407227
2023-11-16,VBBR3.SA,16.53360939025879
2023-11-17,VBBR3.SA,16.350923538208008
2023-11-20,VBBR3.SA,16.548837661743164
2023-11-21,VBBR3.SA,16.4194278717041
2023-11-22,VBBR3.SA,16.731523513793945
2023-11-23,VBBR3.SA,16.91421890258789
2023-11-24,VBBR3.SA,16.921833038330078
2023-11-27,VBBR3.SA,16.510774612426758
2023-11-28,VBBR3.SA,16.640178680419922
2023-11-29,VBBR3.SA,17.218704223632812
2023-11-30,VBBR3.SA,17.77439308166504
2023-12-01,VBBR3.SA,18.383365631103516
2023-12-04,VBBR3.SA,17.66020965576172
2023-12-05,VBBR3.SA,16.731523513793945
2023-12-06,VBBR3.SA,16.586894989013672
2023-12-07,VBBR3.SA,16.739139556884766
2023-12-08,VBBR3.SA,17.127357482910156
2023-12-11,VBBR3.SA,16.784812927246094
2023-12-12,VBBR3.SA,16.358531951904297
2023-12-13,VBBR3.SA,16.5260009765625
2023-12-14,VBBR3.SA,16.510774612426758
2023-12-15,VBBR3.SA,16.739139556884766
2023-12-18,VBBR3.SA,16.685853958129883
2023-12-19,VBBR3.SA,16.609729766845703
2023-12-20,VBBR3.SA,16.53360939025879
2023-12-21,VBBR3.SA,17.013174057006836
2023-12-22,VBBR3.SA,17.134973526000977
2023-12-26,VBBR3.SA,17.32379913330078
2023-12-27,VBBR3.SA,17.641603469848633
2023-12-28,VBBR3.SA,17.641603469848633
2024-01-02,VBBR3.SA,17.80437469482422
2024-01-03,VBBR3.SA,17.974899291992188
2024-01-04,VBBR3.SA,17.37806510925293
2024-01-05,VBBR3.SA,17.695859909057617
2024-01-08,VBBR3.SA,17.695859909057617
2024-01-09,VBBR3.SA,17.44007110595703
2024-01-10,VBBR3.SA,17.579593658447266
2024-01-11,VBBR3.SA,17.416818618774414
2024-01-12,VBBR3.SA,17.889638900756836
2024-01-15,VBBR3.SA,17.835378646850586
2024-01-16,VBBR3.SA,17.215286254882812
2024-01-17,VBBR3.SA,17.32379913330078
2024-01-18,VBBR3.SA,17.207538604736328
2024-01-19,VBBR3.SA,17.579593658447266
2024-01-22,VBBR3.SA,17.680356979370117
2024-01-23,VBBR3.SA,17.835378646850586
2024-01-24,VBBR3.SA,18.106670379638672
2024-01-25,VBBR3.SA,18.091169357299805
2024-01-26,VBBR3.SA,18.005905151367188
2024-01-29,VBBR3.SA,17.835378646850586
2024-01-30,VBBR3.SA,18.091169357299805
2024-01-31,VBBR3.SA,18.40896224975586
2024-02-01,VBBR3.SA,18.19968605041504
2024-02-02,VBBR3.SA,18.083417892456055
2024-02-05,VBBR3.SA,18.339204788208008
2024-02-06,VBBR3.SA,18.563989639282227
2024-02-07,VBBR3.SA,18.57173728942871
2024-02-08,VBBR3.SA,18.494230270385742
2024-02-09,VBBR3.SA,19.0290584564209
2024-02-14,VBBR3.SA,18.494230270385742
2024-02-15,VBBR3.SA,18.44771957397461
2024-02-16,VBBR3.SA,18.804271697998047
2024-02-19,VBBR3.SA,18.602745056152344
2024-02-20,VBBR3.SA,19.2925968170166
2024-02-21,VBBR3.SA,19.773164749145508
2024-02-22,VBBR3.SA,20.044456481933594
2024-02-23,VBBR3.SA,19.95919418334961
2024-02-26,VBBR3.SA,20.07546043395996
2024-02-27,VBBR3.SA,20.12196922302246
2024-02-28,VBBR3.SA,20.222734451293945
2024-02-29,VBBR3.SA,20.044456481933594
2024-03-01,VBBR3.SA,20.618038177490234
2024-03-04,VBBR3.SA,20.5870361328125
2024-03-05,VBBR3.SA,19.45536994934082
2024-03-06,VBBR3.SA,19.261592864990234
2024-03-07,VBBR3.SA,18.59499168395996
2024-03-08,VBBR3.SA,18.548484802246094
2024-03-11,VBBR3.SA,18.804271697998047
2024-03-12,VBBR3.SA,18.773269653320312
2024-03-13,VBBR3.SA,19.114316940307617
2024-03-14,VBBR3.SA,19.556133270263672
2024-03-15,VBBR3.SA,19.602642059326172
2024-03-18,VBBR3.SA,19.579387664794922
2024-03-19,VBBR3.SA,19.377857208251953
2024-03-20,VBBR3.SA,19.377857208251953
2024-03-21,VBBR3.SA,19.587139129638672
2024-03-22,VBBR3.SA,19.246089935302734
2024-03-25,VBBR3.SA,19.494125366210938
2024-03-26,VBBR3.SA,19.45536994934082
2024-03-27,VBBR3.SA,19.656898498535156
2024-03-28,VBBR3.SA,19.385608673095703
2024-04-01,VBBR3.SA,19.532882690429688
2024-04-02,VBBR3.SA,19.680150985717773
2024-04-03,VBBR3.SA,19.122072219848633
2024-04-04,VBBR3.SA,19.385608673095703
2024-04-05,VBBR3.SA,19.687904357910156
2024-04-08,VBBR3.SA,19.881681442260742
2024-04-09,VBBR3.SA,20.168472290039062
2024-04-10,VBBR3.SA,19.773164749145508
2024-04-11,VBBR3.SA,19.72665786743164
2024-04-12,VBBR3.SA,19.2305850982666
2024-04-15,VBBR3.SA,19.184078216552734
2024-04-16,VBBR3.SA,18.750015258789062
2024-04-17,VBBR3.SA,18.866283416748047
2024-04-18,VBBR3.SA,18.711261749267578
2024-04-19,VBBR3.SA,18.52548599243164
2024-04-22,VBBR3.SA,18.422128677368164
2024-04-23,VBBR3.SA,18.183597564697266
2024-04-24,VBBR3.SA,17.8814697265625
2024-04-25,VBBR3.SA,18.112043380737305
2024-04-26,VBBR3.SA,18.75606346130371
2024-04-29,VBBR3.SA,18.8355712890625
2024-04-30,VBBR3.SA,18.65270233154297
2024-05-02,VBBR3.SA,18.53343963623047
2024-05-03,VBBR3.SA,19.15360450744629
2024-05-06,VBBR3.SA,18.66065216064453
2024-05-07,VBBR3.SA,18.565242767333984
2024-05-08,VBBR3.SA,18.597043991088867
2024-05-09,VBBR3.SA,18.75606346130371
2024-05-10,VBBR3.SA,18.986635208129883
2024-05-13,VBBR3.SA,18.787864685058594
2024-05-14,VBBR3.SA,19.08204460144043
2024-05-15,VBBR3.SA,18.91507911682129
2024-05-16,VBBR3.SA,19.00253677368164
2024-05-17,VBBR3.SA,18.8355712890625
2024-05-20,VBBR3.SA,18.875324249267578
2024-05-21,VBBR3.SA,18.732210159301758
2024-05-22,VBBR3.SA,18.358518600463867
2024-05-23,VBBR3.SA,17.84966468811035
2024-05-24,VBBR3.SA,17.833763122558594
2024-05-27,VBBR3.SA,18.040485382080078
2024-05-28,VBBR3.SA,17.817859649658203
2024-05-29,VBBR3.SA,17.396467208862305
2024-05-31,VBBR3.SA,17.126134872436523
2024-06-03,VBBR3.SA,17.006872177124023
2024-06-04,VBBR3.SA,16.657033920288086
2024-06-05,VBBR3.SA,16.609333038330078
2024-06-06,VBBR3.SA,16.728593826293945
2024-06-07,VBBR3.SA,16.53777313232422
2024-06-10,VBBR3.SA,16.935312271118164
2024-06-11,VBBR3.SA,17.173839569091797
2024-06-12,VBBR3.SA,16.633182525634766
2024-06-13,VBBR3.SA,16.410558700561523
2024-06-14,VBBR3.SA,16.474164962768555
2024-06-17,VBBR3.SA,16.052772521972656
2024-06-18,VBBR3.SA,16.259496688842773
2024-06-19,VBBR3.SA,16.283344268798828
2024-06-20,VBBR3.SA,16.331050872802734
2024-06-21,VBBR3.SA,16.641136169433594
2024-06-24,VBBR3.SA,16.728593826293945
2024-06-25,VBBR3.SA,16.243593215942383
2024-06-26,VBBR3.SA,16.529821395874023
2024-06-27,VBBR3.SA,16.967119216918945
2024-06-28,VBBR3.SA,16.617279052734375
2024-07-01,VBBR3.SA,16.224355697631836
2024-07-02,VBBR3.SA,16.508996963500977
2024-07-03,VBBR3.SA,17.09453773498535
2024-07-04,VBBR3.SA,17.476768493652344
2024-07-05,VBBR3.SA,17.980979919433594
2024-07-08,VBBR3.SA,17.907787322998047
2024-07-09,VBBR3.SA,18.05417251586914
2024-07-10,VBBR3.SA,18.281883239746094
2024-07-11,VBBR3.SA,18.70477294921875
2024-07-12,VBBR3.SA,18.5014591217041
2024-07-15,VBBR3.SA,18.436399459838867
2024-07-16,VBBR3.SA,18.56652069091797
2024-07-17,VBBR3.SA,18.956886291503906
2024-07-18,VBBR3.SA,18.753568649291992
2024-07-19,VBBR3.SA,18.777969360351562
2024-07-22,VBBR3.SA,18.932485580444336
2024-07-23,VBBR3.SA,18.631582260131836
2024-07-24,VBBR3.SA,18.56652069091797
2024-07-25,VBBR3.SA,18.49333381652832
2024-07-26,VBBR3.SA,18.899951934814453
2024-07-29,VBBR3.SA,18.786102294921875
2024-07-30,VBBR3.SA,18.859291076660156
2024-07-31,VBBR3.SA,18.83489418029785
2024-08-01,VBBR3.SA,19.046340942382812
2024-08-02,VBBR3.SA,18.956886291503906
2024-08-05,VBBR3.SA,18.696640014648438
2024-08-06,VBBR3.SA,19.119531631469727
2024-08-07,VBBR3.SA,19.599349975585938
2024-08-08,VBBR3.SA,19.607484817504883
2024-08-09,VBBR3.SA,20.127962112426758
2024-08-12,VBBR3.SA,19.90838623046875
2024-08-13,VBBR3.SA,20.575252532958984
2024-08-14,VBBR3.SA,20.526458740234375
2024-08-15,VBBR3.SA,20.99814224243164
2024-08-16,VBBR3.SA,21.168922424316406
2024-08-19,VBBR3.SA,21.34783935546875
2024-08-20,VBBR3.SA,21.2502498626709
2024-08-21,VBBR3.SA,21.20958709716797
2024-08-22,VBBR3.SA,20.4776611328125
2024-08-23,VBBR3.SA,20.69723892211914
2024-08-26,VBBR3.SA,20.794828414916992
2024-08-27,VBBR3.SA,20.802963256835938
2024-08-28,VBBR3.SA,20.990009307861328
2024-08-29,VBBR3.SA,20.811098098754883
2024-08-30,VBBR3.SA,20.916818618774414
2024-09-02,VBBR3.SA,20.65657615661621
2024-09-03,VBBR3.SA,20.916818618774414
2024-09-04,VBBR3.SA,21.217721939086914
2024-09-05,VBBR3.SA,21.5511531829834
2024-09-06,VBBR3.SA,21.071332931518555
2024-09-09,VBBR3.SA,21.185190200805664
2024-09-10,VBBR3.SA,21.02254295349121
2024-09-11,VBBR3.SA,20.957477569580078
2024-09-12,VBBR3.SA,20.892417907714844
2024-09-13,VBBR3.SA,20.55898666381836
2024-09-16,VBBR3.SA,20.119831085205078
2024-09-17,VBBR3.SA,20.282480239868164
2024-09-18,VBBR3.SA,20.054771423339844
2024-09-19,VBBR3.SA,19.924652099609375
2024-09-20,VBBR3.SA,20.152360916137695
2024-09-23,VBBR3.SA,19.339109420776367
2024-09-24,VBBR3.SA,19.87710189819336
2024-09-25,VBBR3.SA,19.72104263305664
2024-09-26,VBBR3.SA,19.79496192932129
2024-09-27,VBBR3.SA,19.400707244873047
2024-09-30,VBBR3.SA,19.22000503540039
2024-10-01,VBBR3.SA,19.121440887451172
2024-10-02,VBBR3.SA,19.2117919921875
2024-10-03,VBBR3.SA,18.850387573242188
2024-10-04,VBBR3.SA,18.965381622314453
2024-10-07,VBBR3.SA,19.047517776489258
2024-10-08,VBBR3.SA,19.121440887451172
2024-10-09,VBBR3.SA,18.76825523376465
2024-10-10,VBBR3.SA,18.6943302154541
2024-10-11,VBBR3.SA,18.784679412841797
2024-10-14,VBBR3.SA,18.809322357177734
2024-10-15,VBBR3.SA,19.11322784423828
2024-10-16,VBBR3.SA,18.973594665527344
2024-10-17,VBBR3.SA,18.595766067504883
2024-10-18,VBBR3.SA,18.57112693786621
2024-10-21,VBBR3.SA,18.63683319091797
2024-10-22,VBBR3.SA,18.259004592895508
2024-10-23,VBBR3.SA,18.226150512695312
2024-10-24,VBBR3.SA,18.209720611572266
2024-10-25,VBBR3.SA,17.996166229248047
2024-10-28,VBBR3.SA,18.341140747070312
2024-10-29,VBBR3.SA,18.23436164855957
2024-10-30,VBBR3.SA,18.32471466064453
2024-10-31,VBBR3.SA,18.32471466064453
2024-11-01,VBBR3.SA,18.168655395507812
2024-11-04,VBBR3.SA,18.57933807373047
2024-11-05,VBBR3.SA,18.73539924621582
2024-11-06,VBBR3.SA,19.129653930664062
2024-11-07,VBBR3.SA,18.40685272216797
2024-11-08,VBBR3.SA,18.43970489501953
2024-11-11,VBBR3.SA,18.513628005981445
2024-11-12,VBBR3.SA,18.42327880859375
2024-11-13,VBBR3.SA,18.332929611206055
2024-11-14,VBBR3.SA,18.242576599121094
2024-11-18,VBBR3.SA,17.90581512451172
2024-11-19,VBBR3.SA,17.90581512451172
2024-11-21,VBBR3.SA,17.659408569335938
2024-11-22,VBBR3.SA,17.930458068847656
2024-11-25,VBBR3.SA,17.90581512451172
2024-11-26,VBBR3.SA,18.111156463623047
2024-11-27,VBBR3.SA,17.58548355102539
2024-11-28,VBBR3.SA,16.723047256469727
2024-11-29,VBBR3.SA,16.94481658935547
2024-12-02,VBBR3.SA,16.8051815032959
2024-12-03,VBBR3.SA,16.755901336669922
2024-12-04,VBBR3.SA,16.723047256469727
2024-12-05,VBBR3.SA,16.97766876220703
2024-12-06,VBBR3.SA,16.58341407775879
2024-12-09,VBBR3.SA,16.66554832458496
2024-12-10,VBBR3.SA,16.961244583129883
2024-12-11,VBBR3.SA,17.248720169067383
2024-12-12,VBBR3.SA,16.714834213256836
2024-12-13,VBBR3.SA,16.50127601623535
2024-12-16,VBBR3.SA,15.729192733764648
2024-12-17,VBBR3.SA,15.811328887939453
2024-12-18,VBBR3.SA,14.866756439208984
2024-12-19,VBBR3.SA,15.072097778320312
2024-12-20,VBBR3.SA,15.408858299255371
2024-12-23,VBBR3.SA,15.20351791381836
2024-12-26,VBBR3.SA,15.10520076751709
2024-12-27,VBBR3.SA,14.913575172424316
2024-12-30,VBBR3.SA,14.863584518432617
2022-01-03,WEGE3.SA,28.643400192260742
2022-01-04,WEGE3.SA,28.500272750854492
2022-01-05,WEGE3.SA,26.997434616088867
2022-01-06,WEGE3.SA,26.988487243652344
2022-01-07,WEGE3.SA,26.308639526367188
2022-01-10,WEGE3.SA,25.548261642456055
2022-01-11,WEGE3.SA,25.977649688720703
2022-01-12,WEGE3.SA,27.03321647644043
2022-01-13,WEGE3.SA,26.031320571899414
2022-01-14,WEGE3.SA,27.46259880065918
2022-01-17,WEGE3.SA,27.149513244628906
2022-01-18,WEGE3.SA,27.319473266601562
2022-01-19,WEGE3.SA,27.28369140625
2022-01-20,WEGE3.SA,27.498376846313477
2022-01-21,WEGE3.SA,27.382089614868164
2022-01-24,WEGE3.SA,26.746957778930664
2022-01-25,WEGE3.SA,27.01532554626465
2022-01-26,WEGE3.SA,27.498376846313477
2022-01-27,WEGE3.SA,28.983333587646484
2022-01-28,WEGE3.SA,28.285581588745117
2022-01-31,WEGE3.SA,28.768634796142578
2022-02-01,WEGE3.SA,28.679180145263672
2022-02-02,WEGE3.SA,28.419769287109375
2022-02-03,WEGE3.SA,27.686237335205078
2022-02-04,WEGE3.SA,27.59678077697754
2022-02-07,WEGE3.SA,27.730960845947266
2022-02-08,WEGE3.SA,27.03321647644043
2022-02-09,WEGE3.SA,27.09583854675293
2022-02-10,WEGE3.SA,26.603830337524414
2022-02-11,WEGE3.SA,26.41598129272461
2022-02-14,WEGE3.SA,27.23001480102539
2022-02-15,WEGE3.SA,29.41271209716797
2022-02-16,WEGE3.SA,27.99932289123535
2022-02-17,WEGE3.SA,27.41786766052246
2022-02-18,WEGE3.SA,26.666446685791016
2022-02-21,WEGE3.SA,26.590070724487305
2022-02-22,WEGE3.SA,26.59908103942871
2022-02-23,WEGE3.SA,25.761381149291992
2022-02-24,WEGE3.SA,26.40992546081543
2022-02-25,WEGE3.SA,26.481979370117188
2022-03-02,WEGE3.SA,27.247615814208984
2022-03-03,WEGE3.SA,28.148359298706055
2022-03-04,WEGE3.SA,28.382556915283203
2022-03-07,WEGE3.SA,27.995235443115234
2022-03-08,WEGE3.SA,28.436601638793945
2022-03-09,WEGE3.SA,29.427419662475586
2022-03-10,WEGE3.SA,28.571720123291016
2022-03-11,WEGE3.SA,28.27446937561035
2022-03-14,WEGE3.SA,27.941192626953125
2022-03-15,WEGE3.SA,27.20257568359375
2022-03-16,WEGE3.SA,28.805912017822266
2022-03-17,WEGE3.SA,29.81474494934082
2022-03-18,WEGE3.SA,29.98588752746582
2022-03-21,WEGE3.SA,29.3193359375
2022-03-22,WEGE3.SA,29.724674224853516
2022-03-23,WEGE3.SA,29.499483108520508
2022-03-24,WEGE3.SA,29.841772079467773
2022-03-25,WEGE3.SA,29.616580963134766
2022-03-28,WEGE3.SA,30.29899787902832
2022-03-29,WEGE3.SA,30.614606857299805
2022-03-30,WEGE3.SA,30.794963836669922
2022-03-31,WEGE3.SA,31.44423484802246
2022-04-01,WEGE3.SA,31.904125213623047
2022-04-04,WEGE3.SA,31.579496383666992
2022-04-05,WEGE3.SA,31.227811813354492
2022-04-06,WEGE3.SA,30.9572811126709
2022-04-07,WEGE3.SA,30.767906188964844
2022-04-08,WEGE3.SA,30.785938262939453
2022-04-11,WEGE3.SA,29.352155685424805
2022-04-12,WEGE3.SA,29.189838409423828
2022-04-13,WEGE3.SA,29.36117172241211
2022-04-14,WEGE3.SA,29.117698669433594
2022-04-18,WEGE3.SA,28.775028228759766
2022-04-19,WEGE3.SA,28.2880859375
2022-04-20,WEGE3.SA,28.33316993713379
2022-04-22,WEGE3.SA,28.23397445678711
2022-04-25,WEGE3.SA,28.1438045501709
2022-04-26,WEGE3.SA,27.034639358520508
2022-04-27,WEGE3.SA,28.52254295349121
2022-04-28,WEGE3.SA,28.071659088134766
2022-04-29,WEGE3.SA,27.142850875854492
2022-05-02,WEGE3.SA,26.096818923950195
2022-05-03,WEGE3.SA,25.61888313293457
2022-05-04,WEGE3.SA,26.096818923950195
2022-05-05,WEGE3.SA,25.393444061279297
2022-05-06,WEGE3.SA,24.482675552368164
2022-05-09,WEGE3.SA,24.04081153869629
2022-05-10,WEGE3.SA,23.553865432739258
2022-05-11,WEGE3.SA,23.535829544067383
2022-05-12,WEGE3.SA,23.815372467041016
2022-05-13,WEGE3.SA,23.89653778076172
2022-05-16,WEGE3.SA,23.626008987426758
2022-05-17,WEGE3.SA,24.266250610351562
2022-05-18,WEGE3.SA,23.833410263061523
2022-05-19,WEGE3.SA,23.02182960510254
2022-05-20,WEGE3.SA,23.43663215637207
2022-05-23,WEGE3.SA,23.959653854370117
2022-05-24,WEGE3.SA,23.517791748046875
2022-05-25,WEGE3.SA,22.823442459106445
2022-05-26,WEGE3.SA,23.184141159057617
2022-05-27,WEGE3.SA,23.6440372467041
2022-05-30,WEGE3.SA,23.030847549438477
2022-05-31,WEGE3.SA,22.877552032470703
2022-06-01,WEGE3.SA,23.635021209716797
2022-06-02,WEGE3.SA,23.743234634399414
2022-06-03,WEGE3.SA,23.37351417541504
2022-06-06,WEGE3.SA,23.42761993408203
2022-06-07,WEGE3.SA,23.40056800842285
2022-06-08,WEGE3.SA,22.011865615844727
2022-06-09,WEGE3.SA,22.11104965209961
2022-06-10,WEGE3.SA,21.642141342163086
2022-06-13,WEGE3.SA,21.479820251464844
2022-06-14,WEGE3.SA,21.867584228515625
2022-06-15,WEGE3.SA,21.642141342163086
2022-06-17,WEGE3.SA,20.587087631225586
2022-06-20,WEGE3.SA,21.732316970825195
2022-06-21,WEGE3.SA,22.814422607421875
2022-06-22,WEGE3.SA,23.256282806396484
2022-06-23,WEGE3.SA,23.364490509033203
2022-06-24,WEGE3.SA,23.860464096069336
2022-06-27,WEGE3.SA,23.42085075378418
2022-06-28,WEGE3.SA,23.61956787109375
2022-06-29,WEGE3.SA,23.511180877685547
2022-06-30,WEGE3.SA,23.890533447265625
2022-07-01,WEGE3.SA,23.935699462890625
2022-07-04,WEGE3.SA,23.926664352416992
2022-07-05,WEGE3.SA,24.40537452697754
2022-07-06,WEGE3.SA,24.477632522583008
2022-07-07,WEGE3.SA,24.93828582763672
2022-07-08,WEGE3.SA,24.631183624267578
2022-07-11,WEGE3.SA,24.007951736450195
2022-07-12,WEGE3.SA,24.016986846923828
2022-07-13,WEGE3.SA,24.143434524536133
2022-07-14,WEGE3.SA,23.845369338989258
2022-07-15,WEGE3.SA,23.980859756469727
2022-07-18,WEGE3.SA,23.59246826171875
2022-07-19,WEGE3.SA,24.351177215576172
2022-07-20,WEGE3.SA,23.47504425048828
2022-07-21,WEGE3.SA,22.878915786743164
2022-07-22,WEGE3.SA,23.339561462402344
2022-07-25,WEGE3.SA,24.04038429260254
2022-07-26,WEGE3.SA,23.786184310913086
2022-07-27,WEGE3.SA,24.394460678100586
2022-07-28,WEGE3.SA,25.356800079345703
2022-07-29,WEGE3.SA,25.456668853759766
2022-08-01,WEGE3.SA,25.311403274536133
2022-08-02,WEGE3.SA,25.765342712402344
2022-08-03,WEGE3.SA,25.529294967651367
2022-08-04,WEGE3.SA,26.155719757080078
2022-08-05,WEGE3.SA,26.173885345458984
2022-08-08,WEGE3.SA,26.990962982177734
2022-08-09,WEGE3.SA,26.85478401184082
2022-08-10,WEGE3.SA,27.853437423706055
2022-08-11,WEGE3.SA,27.354108810424805
2022-08-12,WEGE3.SA,28.053171157836914
2022-08-15,WEGE3.SA,27.544761657714844
2022-08-16,WEGE3.SA,27.771730422973633
2022-08-17,WEGE3.SA,27.62647247314453
2022-08-18,WEGE3.SA,27.998703002929688
2022-08-19,WEGE3.SA,27.099910736083984
2022-08-22,WEGE3.SA,26.28282928466797
2022-08-23,WEGE3.SA,26.146644592285156
2022-08-24,WEGE3.SA,26.1375675201416
2022-08-25,WEGE3.SA,26.28282928466797
2022-08-26,WEGE3.SA,26.155719757080078
2022-08-29,WEGE3.SA,25.75626564025879
2022-08-30,WEGE3.SA,25.7744197845459
2022-08-31,WEGE3.SA,25.683629989624023
2022-09-01,WEGE3.SA,25.765342712402344
2022-09-02,WEGE3.SA,27.426740646362305
2022-09-05,WEGE3.SA,28.053171157836914
2022-09-06,WEGE3.SA,27.499366760253906
2022-09-08,WEGE3.SA,27.426740646362305
2022-09-09,WEGE3.SA,27.644634246826172
2022-09-12,WEGE3.SA,28.870254516601562
2022-09-13,WEGE3.SA,27.789886474609375
2022-09-14,WEGE3.SA,27.798973083496094
2022-09-15,WEGE3.SA,27.24517059326172
2022-09-16,WEGE3.SA,27.671865463256836
2022-09-19,WEGE3.SA,27.780811309814453
2022-09-20,WEGE3.SA,28.26198387145996
2022-09-21,WEGE3.SA,28.3073787689209
2022-09-22,WEGE3.SA,28.153038024902344
2022-09-23,WEGE3.SA,27.753578186035156
2022-09-26,WEGE3.SA,27.79368782043457
2022-09-27,WEGE3.SA,27.32090950012207
2022-09-28,WEGE3.SA,27.56639289855957
2022-09-29,WEGE3.SA,27.402742385864258
2022-09-30,WEGE3.SA,29.221099853515625
2022-10-03,WEGE3.SA,30.530338287353516
2022-10-04,WEGE3.SA,30.22120475769043
2022-10-05,WEGE3.SA,30.61214256286621
2022-10-06,WEGE3.SA,30.66670799255371
2022-10-07,WEGE3.SA,30.321210861206055
2022-10-10,WEGE3.SA,31.157663345336914
2022-10-11,WEGE3.SA,30.821264266967773
2022-10-13,WEGE3.SA,30.430315017700195
2022-10-14,WEGE3.SA,29.875713348388672
2022-10-17,WEGE3.SA,30.557598114013672
2022-10-18,WEGE3.SA,31.421321868896484
2022-10-19,WEGE3.SA,31.503150939941406
2022-10-20,WEGE3.SA,31.512239456176758
2022-10-21,WEGE3.SA,32.00319290161133
2022-10-24,WEGE3.SA,31.748626708984375
2022-10-25,WEGE3.SA,31.866823196411133
2022-10-26,WEGE3.SA,34.530723571777344
2022-10-27,WEGE3.SA,35.30351638793945
2022-10-28,WEGE3.SA,34.97622299194336
2022-10-31,WEGE3.SA,36.62184143066406
2022-11-01,WEGE3.SA,35.83085632324219
2022-11-03,WEGE3.SA,36.54911422729492
2022-11-04,WEGE3.SA,37.09461212158203
2022-11-07,WEGE3.SA,37.1855354309082
2022-11-08,WEGE3.SA,37.09461212158203
2022-11-09,WEGE3.SA,36.912784576416016
2022-11-10,WEGE3.SA,35.667205810546875
2022-11-11,WEGE3.SA,36.35818099975586
2022-11-14,WEGE3.SA,36.96733856201172
2022-11-16,WEGE3.SA,35.194427490234375
2022-11-17,WEGE3.SA,35.958133697509766
2022-11-18,WEGE3.SA,35.71266555786133
2022-11-21,WEGE3.SA,35.903587341308594
2022-11-22,WEGE3.SA,35.3671760559082
2022-11-23,WEGE3.SA,35.40353775024414
2022-11-24,WEGE3.SA,36.14906692504883
2022-11-25,WEGE3.SA,35.54901123046875
2022-11-28,WEGE3.SA,34.094322204589844
2022-11-29,WEGE3.SA,34.285240173339844
2022-11-30,WEGE3.SA,35.45809555053711
2022-12-01,WEGE3.SA,34.83075714111328
2022-12-02,WEGE3.SA,35.148963928222656
2022-12-05,WEGE3.SA,34.18523025512695
2022-12-06,WEGE3.SA,34.285240173339844
2022-12-07,WEGE3.SA,33.876121520996094
2022-12-08,WEGE3.SA,33.82155990600586
2022-12-09,WEGE3.SA,33.73064041137695
2022-12-12,WEGE3.SA,32.794189453125
2022-12-13,WEGE3.SA,32.53961944580078
2022-12-14,WEGE3.SA,33.69428253173828
2022-12-15,WEGE3.SA,33.71246337890625
2022-12-16,WEGE3.SA,34.048866271972656
2022-12-19,WEGE3.SA,34.70838165283203
2022-12-20,WEGE3.SA,34.99064254760742
2022-12-21,WEGE3.SA,34.96333312988281
2022-12-22,WEGE3.SA,35.45499038696289
2022-12-23,WEGE3.SA,35.05438232421875
2022-12-26,WEGE3.SA,34.772117614746094
2022-12-27,WEGE3.SA,34.60822677612305
2022-12-28,WEGE3.SA,35.23648452758789
2022-12-29,WEGE3.SA,35.06348419189453
2023-01-02,WEGE3.SA,34.6901741027832
2023-01-03,WEGE3.SA,33.825199127197266
2023-01-04,WEGE3.SA,34.05282211303711
2023-01-05,WEGE3.SA,34.12565612792969
2023-01-06,WEGE3.SA,34.626441955566406
2023-01-09,WEGE3.SA,34.526283264160156
2023-01-10,WEGE3.SA,34.18940353393555
2023-01-11,WEGE3.SA,35.14542770385742
2023-01-12,WEGE3.SA,35.06348419189453
2023-01-13,WEGE3.SA,35.48231887817383
2023-01-16,WEGE3.SA,34.31686019897461
2023-01-17,WEGE3.SA,34.881385803222656
2023-01-18,WEGE3.SA,34.590023040771484
2023-01-19,WEGE3.SA,34.51716995239258
2023-01-20,WEGE3.SA,33.98908615112305
2023-01-23,WEGE3.SA,34.0255012512207
2023-01-24,WEGE3.SA,33.87982940673828
2023-01-25,WEGE3.SA,35.25468826293945
2023-01-26,WEGE3.SA,34.79033279418945
2023-01-27,WEGE3.SA,34.51716995239258
2023-01-30,WEGE3.SA,34.00729751586914
2023-01-31,WEGE3.SA,34.81764602661133
2023-02-01,WEGE3.SA,34.9542236328125
2023-02-02,WEGE3.SA,34.63554000854492
2023-02-03,WEGE3.SA,34.51716995239258
2023-02-06,WEGE3.SA,34.20760726928711
2023-02-07,WEGE3.SA,34.29866027832031
2023-02-08,WEGE3.SA,34.28955078125
2023-02-09,WEGE3.SA,34.580909729003906
2023-02-10,WEGE3.SA,35.14542770385742
2023-02-13,WEGE3.SA,35.12722396850586
2023-02-14,WEGE3.SA,34.92689895629883
2023-02-15,WEGE3.SA,35.40036392211914
2023-02-16,WEGE3.SA,35.309322357177734
2023-02-17,WEGE3.SA,36.07414245605469
2023-02-22,WEGE3.SA,35.164188385009766
2023-02-23,WEGE3.SA,35.93339920043945
2023-02-24,WEGE3.SA,35.58542251586914
2023-02-27,WEGE3.SA,35.53046798706055
2023-02-28,WEGE3.SA,35.860130310058594
2023-03-01,WEGE3.SA,36.06160354614258
2023-03-02,WEGE3.SA,35.860130310058594
2023-03-03,WEGE3.SA,35.567100524902344
2023-03-06,WEGE3.SA,36.10738754272461
2023-03-07,WEGE3.SA,36.253902435302734
2023-03-08,WEGE3.SA,36.7758674621582
2023-03-09,WEGE3.SA,36.50115203857422
2023-03-10,WEGE3.SA,36.20811462402344
2023-03-13,WEGE3.SA,36.43704605102539
2023-03-14,WEGE3.SA,36.86743927001953
2023-03-15,WEGE3.SA,36.693450927734375
2023-03-16,WEGE3.SA,36.90406799316406
2023-03-17,WEGE3.SA,36.51030731201172
2023-03-20,WEGE3.SA,36.40324020385742
2023-03-21,WEGE3.SA,36.641639709472656
2023-03-22,WEGE3.SA,36.23818588256836
2023-03-23,WEGE3.SA,36.577449798583984
2023-03-24,WEGE3.SA,37.14597702026367
2023-03-27,WEGE3.SA,37.769508361816406
2023-03-28,WEGE3.SA,37.93455505371094
2023-03-29,WEGE3.SA,38.26466369628906
2023-03-30,WEGE3.SA,38.383872985839844
2023-03-31,WEGE3.SA,37.18265151977539
2023-04-03,WEGE3.SA,36.30237579345703
2023-04-04,WEGE3.SA,36.33905029296875
2023-04-05,WEGE3.SA,35.53213119506836
2023-04-06,WEGE3.SA,35.40375900268555
2023-04-10,WEGE3.SA,35.202030181884766
2023-04-11,WEGE3.SA,35.843894958496094
2023-04-12,WEGE3.SA,36.43991470336914
2023-04-13,WEGE3.SA,36.100643157958984
2023-04-14,WEGE3.SA,35.541290283203125
2023-04-17,WEGE3.SA,36.201507568359375
2023-04-18,WEGE3.SA,36.008941650390625
2023-04-19,WEGE3.SA,35.86222839355469
2023-04-20,WEGE3.SA,36.90756607055664
2023-04-24,WEGE3.SA,36.999267578125
2023-04-25,WEGE3.SA,37.17348098754883
2023-04-26,WEGE3.SA,36.77919387817383
2023-04-27,WEGE3.SA,36.999267578125
2023-04-28,WEGE3.SA,37.705322265625
2023-05-02,WEGE3.SA,37.43023681640625
2023-05-03,WEGE3.SA,36.58662796020508
2023-05-04,WEGE3.SA,36.03645324707031
2023-05-05,WEGE3.SA,35.963096618652344
2023-05-08,WEGE3.SA,35.94475173950195
2023-05-09,WEGE3.SA,36.549957275390625
2023-05-10,WEGE3.SA,36.082298278808594
2023-05-11,WEGE3.SA,36.054779052734375
2023-05-12,WEGE3.SA,35.678836822509766
2023-05-15,WEGE3.SA,36.34822082519531
2023-05-16,WEGE3.SA,36.40324020385742
2023-05-17,WEGE3.SA,36.183170318603516
2023-05-18,WEGE3.SA,36.03645324707031
2023-05-19,WEGE3.SA,36.797542572021484
2023-05-22,WEGE3.SA,37.0084342956543
2023-05-23,WEGE3.SA,36.880062103271484
2023-05-24,WEGE3.SA,36.51327133178711
2023-05-25,WEGE3.SA,35.79804992675781
2023-05-26,WEGE3.SA,36.2290153503418
2023-05-29,WEGE3.SA,35.651336669921875
2023-05-30,WEGE3.SA,35.15618133544922
2023-05-31,WEGE3.SA,34.48680114746094
2023-06-01,WEGE3.SA,34.1016731262207
2023-06-02,WEGE3.SA,34.541812896728516
2023-06-05,WEGE3.SA,34.5051383972168
2023-06-06,WEGE3.SA,35.027801513671875
2023-06-07,WEGE3.SA,34.98195266723633
2023-06-09,WEGE3.SA,34.6610107421875
2023-06-12,WEGE3.SA,34.61517333984375
2023-06-13,WEGE3.SA,34.24838638305664
2023-06-14,WEGE3.SA,34.72521209716797
2023-06-15,WEGE3.SA,34.69770050048828
2023-06-16,WEGE3.SA,34.706871032714844
2023-06-19,WEGE3.SA,34.541812896728516
2023-06-20,WEGE3.SA,33.88161849975586
2023-06-21,WEGE3.SA,33.42313003540039
2023-06-22,WEGE3.SA,33.377281188964844
2023-06-23,WEGE3.SA,33.560665130615234
2023-06-26,WEGE3.SA,33.4305305480957
2023-06-27,WEGE3.SA,33.522369384765625
2023-06-28,WEGE3.SA,33.59584045410156
2023-06-29,WEGE3.SA,33.834625244140625
2023-06-30,WEGE3.SA,34.67039108276367
2023-07-03,WEGE3.SA,34.61528396606445
2023-07-04,WEGE3.SA,34.15607452392578
2023-07-05,WEGE3.SA,34.44078826904297
2023-07-06,WEGE3.SA,33.88054656982422
2023-07-07,WEGE3.SA,33.981571197509766
2023-07-10,WEGE3.SA,33.32950210571289
2023-07-11,WEGE3.SA,33.01723098754883
2023-07-12,WEGE3.SA,33.118255615234375
2023-07-13,WEGE3.SA,33.118255615234375
2023-07-14,WEGE3.SA,33.06315612792969
2023-07-17,WEGE3.SA,32.42026138305664
2023-07-18,WEGE3.SA,33.00804901123047
2023-07-19,WEGE3.SA,34.81733703613281
2023-07-20,WEGE3.SA,35.04694747924805
2023-07-21,WEGE3.SA,35.71739196777344
2023-07-24,WEGE3.SA,38.294189453125
2023-07-25,WEGE3.SA,37.33544921875
2023-07-26,WEGE3.SA,37.3170051574707
2023-07-27,WEGE3.SA,37.197174072265625
2023-07-28,WEGE3.SA,37.16950607299805
2023-07-31,WEGE3.SA,36.80075454711914
2023-08-01,WEGE3.SA,36.74545669555664
2023-08-02,WEGE3.SA,36.90217208862305
2023-08-03,WEGE3.SA,37.27091979980469
2023-08-04,WEGE3.SA,37.65809631347656
2023-08-07,WEGE3.SA,37.73185348510742
2023-08-08,WEGE3.SA,37.482940673828125
2023-08-09,WEGE3.SA,37.593570709228516
2023-08-10,WEGE3.SA,37.09575653076172
2023-08-11,WEGE3.SA,36.69014358520508
2023-08-14,WEGE3.SA,36.23843765258789
2023-08-15,WEGE3.SA,36.275299072265625
2023-08-16,WEGE3.SA,34.6712646484375
2023-08-17,WEGE3.SA,34.025962829589844
2023-08-18,WEGE3.SA,33.42674255371094
2023-08-21,WEGE3.SA,33.22393798828125
2023-08-22,WEGE3.SA,33.62033462524414
2023-08-23,WEGE3.SA,33.601905822753906
2023-08-24,WEGE3.SA,33.16862869262695
2023-08-25,WEGE3.SA,33.5189323425293
2023-08-28,WEGE3.SA,33.75861740112305
2023-08-29,WEGE3.SA,33.63877487182617
2023-08-30,WEGE3.SA,33.463623046875
2023-08-31,WEGE3.SA,33.076438903808594
2023-09-01,WEGE3.SA,33.14097213745117
2023-09-04,WEGE3.SA,33.30691146850586
2023-09-05,WEGE3.SA,33.10409164428711
2023-09-06,WEGE3.SA,32.772220611572266
2023-09-08,WEGE3.SA,32.63395309448242
2023-09-11,WEGE3.SA,32.52332305908203
2023-09-12,WEGE3.SA,32.86441421508789
2023-09-13,WEGE3.SA,34.044395446777344
2023-09-14,WEGE3.SA,33.26081466674805
2023-09-15,WEGE3.SA,33.27924728393555
2023-09-18,WEGE3.SA,32.993465423583984
2023-09-19,WEGE3.SA,33.16862869262695
2023-09-20,WEGE3.SA,32.993465423583984
2023-09-21,WEGE3.SA,32.246761322021484
2023-09-22,WEGE3.SA,31.887235641479492
2023-09-25,WEGE3.SA,33.36460876464844
2023-09-26,WEGE3.SA,33.31844711303711
2023-09-27,WEGE3.SA,33.263023376464844
2023-09-28,WEGE3.SA,33.60470962524414
2023-09-29,WEGE3.SA,33.493892669677734
2023-10-02,WEGE3.SA,33.38307571411133
2023-10-03,WEGE3.SA,32.478092193603516
2023-10-04,WEGE3.SA,32.4688606262207
2023-10-05,WEGE3.SA,32.30262756347656
2023-10-06,WEGE3.SA,32.13640213012695
2023-10-09,WEGE3.SA,32.182586669921875
2023-10-10,WEGE3.SA,32.59813690185547
2023-10-11,WEGE3.SA,32.478092193603516
2023-10-13,WEGE3.SA,31.896305084228516
2023-10-16,WEGE3.SA,31.997886657714844
2023-10-17,WEGE3.SA,31.656208038330078
2023-10-18,WEGE3.SA,31.665447235107422
2023-10-19,WEGE3.SA,31.34223175048828
2023-10-20,WEGE3.SA,31.222185134887695
2023-10-23,WEGE3.SA,31.3052978515625
2023-10-24,WEGE3.SA,32.3303337097168
2023-10-25,WEGE3.SA,29.06128692626953
2023-10-26,WEGE3.SA,30.160207748413086
2023-10-27,WEGE3.SA,29.20903968811035
2023-10-30,WEGE3.SA,29.827756881713867
2023-10-31,WEGE3.SA,30.48341178894043
2023-11-01,WEGE3.SA,30.548059463500977
2023-11-03,WEGE3.SA,30.963613510131836
2023-11-06,WEGE3.SA,30.66810417175293
2023-11-07,WEGE3.SA,30.271015167236328
2023-11-08,WEGE3.SA,29.96627426147461
2023-11-09,WEGE3.SA,29.929340362548828
2023-11-10,WEGE3.SA,30.631162643432617
2023-11-13,WEGE3.SA,30.21561050415039
2023-11-14,WEGE3.SA,30.898971557617188
2023-11-16,WEGE3.SA,30.917434692382812
2023-11-17,WEGE3.SA,30.714277267456055
2023-11-20,WEGE3.SA,30.917434692382812
2023-11-21,WEGE3.SA,31.083663940429688
2023-11-22,WEGE3.SA,31.48998260498047
2023-11-23,WEGE3.SA,31.45305061340332
2023-11-24,WEGE3.SA,31.13907814025879
2023-11-27,WEGE3.SA,31.52692222595215
2023-11-28,WEGE3.SA,31.739316940307617
2023-11-29,WEGE3.SA,31.51769256591797
2023-11-30,WEGE3.SA,31.573102951049805
2023-12-01,WEGE3.SA,32.11793518066406
2023-12-04,WEGE3.SA,32.09947204589844
2023-12-05,WEGE3.SA,32.59813690185547
2023-12-06,WEGE3.SA,32.68124771118164
2023-12-07,WEGE3.SA,32.65354537963867
2023-12-08,WEGE3.SA,31.997886657714844
2023-12-11,WEGE3.SA,32.2010498046875
2023-12-12,WEGE3.SA,32.34880447387695
2023-12-13,WEGE3.SA,33.29997253417969
2023-12-14,WEGE3.SA,33.521602630615234
2023-12-15,WEGE3.SA,33.27225875854492
2023-12-18,WEGE3.SA,33.34808349609375
2023-12-19,WEGE3.SA,33.69969940185547
2023-12-20,WEGE3.SA,33.45912170410156
2023-12-21,WEGE3.SA,33.67194366455078
2023-12-22,WEGE3.SA,33.78297805786133
2023-12-26,WEGE3.SA,33.977294921875
2023-12-27,WEGE3.SA,34.08832550048828
2023-12-28,WEGE3.SA,34.15310287475586
2024-01-02,WEGE3.SA,33.838497161865234
2024-01-03,WEGE3.SA,34.09757614135742
2024-01-04,WEGE3.SA,33.64418411254883
2024-01-05,WEGE3.SA,33.28331756591797
2024-01-08,WEGE3.SA,33.36659622192383
2024-01-09,WEGE3.SA,32.54307174682617
2024-01-10,WEGE3.SA,32.681861877441406
2024-01-11,WEGE3.SA,32.219207763671875
2024-01-12,WEGE3.SA,32.08041763305664
2024-01-15,WEGE3.SA,31.756553649902344
2024-01-16,WEGE3.SA,31.099584579467773
2024-01-17,WEGE3.SA,30.905275344848633
2024-01-18,WEGE3.SA,30.66469383239746
2024-01-19,WEGE3.SA,30.979290008544922
2024-01-22,WEGE3.SA,30.886768341064453
2024-01-23,WEGE3.SA,31.247636795043945
2024-01-24,WEGE3.SA,30.970046997070312
2024-01-25,WEGE3.SA,30.766477584838867
2024-01-26,WEGE3.SA,30.692445755004883
2024-01-29,WEGE3.SA,30.766477584838867
2024-01-30,WEGE3.SA,30.525897979736328
2024-01-31,WEGE3.SA,29.9244441986084
2024-02-01,WEGE3.SA,30.192787170410156
2024-02-02,WEGE3.SA,30.155773162841797
2024-02-05,WEGE3.SA,30.775726318359375
2024-02-06,WEGE3.SA,30.75722312927246
2024-02-07,WEGE3.SA,31.118091583251953
2024-02-08,WEGE3.SA,31.275394439697266
2024-02-09,WEGE3.SA,30.877504348754883
2024-02-14,WEGE3.SA,31.025562286376953
2024-02-15,WEGE3.SA,30.729461669921875
2024-02-16,WEGE3.SA,30.905275344848633
2024-02-19,WEGE3.SA,30.98855209350586
2024-02-20,WEGE3.SA,31.710290908813477
2024-02-21,WEGE3.SA,33.89401626586914
2024-02-22,WEGE3.SA,32.82066345214844
2024-02-23,WEGE3.SA,33.292564392089844
2024-02-26,WEGE3.SA,34.12104415893555
2024-02-27,WEGE3.SA,34.48493194580078
2024-02-28,WEGE3.SA,34.43827819824219
2024-02-29,WEGE3.SA,34.23301696777344
2024-03-01,WEGE3.SA,34.79283142089844
2024-03-04,WEGE3.SA,34.65287780761719
2024-03-05,WEGE3.SA,34.923458099365234
2024-03-06,WEGE3.SA,34.643550872802734
2024-03-07,WEGE3.SA,34.428951263427734
2024-03-08,WEGE3.SA,34.447608947753906
2024-03-11,WEGE3.SA,34.67153549194336
2024-03-12,WEGE3.SA,35.091407775878906
2024-03-13,WEGE3.SA,35.473941802978516
2024-03-14,WEGE3.SA,35.25934600830078
2024-03-15,WEGE3.SA,35.45528793334961
2024-03-18,WEGE3.SA,35.45528793334961
2024-03-19,WEGE3.SA,36.164390563964844
2024-03-20,WEGE3.SA,36.22970199584961
2024-03-21,WEGE3.SA,36.78952407836914
2024-03-22,WEGE3.SA,37.078765869140625
2024-03-25,WEGE3.SA,36.478668212890625
2024-03-26,WEGE3.SA,36.2357177734375
2024-03-27,WEGE3.SA,36.02081298828125
2024-03-28,WEGE3.SA,35.69377899169922
2024-04-01,WEGE3.SA,35.497562408447266
2024-04-02,WEGE3.SA,35.66574478149414
2024-04-03,WEGE3.SA,35.40411376953125
2024-04-04,WEGE3.SA,35.60033416748047
2024-04-05,WEGE3.SA,35.497562408447266
2024-04-08,WEGE3.SA,35.69377899169922
2024-04-09,WEGE3.SA,36.25441360473633
2024-04-10,WEGE3.SA,35.880653381347656
2024-04-11,WEGE3.SA,35.73115921020508
2024-04-12,WEGE3.SA,35.48820877075195
2024-04-15,WEGE3.SA,35.1705207824707
2024-04-16,WEGE3.SA,36.226383209228516
2024-04-17,WEGE3.SA,35.712459564208984
2024-04-18,WEGE3.SA,36.067527770996094
2024-04-19,WEGE3.SA,36.02081298828125
2024-04-22,WEGE3.SA,35.75918197631836
2024-04-23,WEGE3.SA,35.497562408447266
2024-04-24,WEGE3.SA,35.7218132019043
2024-04-25,WEGE3.SA,36.1329345703125
2024-04-26,WEGE3.SA,36.64685821533203
2024-04-29,WEGE3.SA,36.77766418457031
2024-04-30,WEGE3.SA,36.955204010009766
2024-05-02,WEGE3.SA,36.30113220214844
2024-05-03,WEGE3.SA,36.226383209228516
2024-05-06,WEGE3.SA,36.09556198120117
2024-05-07,WEGE3.SA,36.34784698486328
2024-05-08,WEGE3.SA,36.525390625
2024-05-09,WEGE3.SA,36.34784698486328
2024-05-10,WEGE3.SA,36.413265228271484
2024-05-13,WEGE3.SA,36.51605224609375
2024-05-14,WEGE3.SA,37.01126480102539
2024-05-15,WEGE3.SA,37.02061462402344
2024-05-16,WEGE3.SA,37.001914978027344
2024-05-17,WEGE3.SA,37.039302825927734
2024-05-20,WEGE3.SA,37.23551559448242
2024-05-21,WEGE3.SA,37.151432037353516
2024-05-22,WEGE3.SA,36.702919006347656
2024-05-23,WEGE3.SA,36.469322204589844
2024-05-24,WEGE3.SA,35.82459259033203
2024-05-27,WEGE3.SA,35.83393096923828
2024-05-28,WEGE3.SA,35.7218132019043
2024-05-29,WEGE3.SA,35.25461196899414
2024-05-31,WEGE3.SA,35.086421966552734
2024-06-03,WEGE3.SA,34.89020538330078
2024-06-04,WEGE3.SA,35.32001495361328
2024-06-05,WEGE3.SA,35.07707214355469
2024-06-06,WEGE3.SA,35.3293571472168
2024-06-07,WEGE3.SA,35.366737365722656
2024-06-10,WEGE3.SA,35.3293571472168
2024-06-11,WEGE3.SA,35.32001495361328
2024-06-12,WEGE3.SA,35.57229995727539
2024-06-13,WEGE3.SA,35.89934539794922
2024-06-14,WEGE3.SA,36.226383209228516
2024-06-17,WEGE3.SA,36.226383209228516
2024-06-18,WEGE3.SA,36.31047821044922
2024-06-19,WEGE3.SA,37.19814682006836
2024-06-20,WEGE3.SA,38.10450744628906
2024-06-21,WEGE3.SA,38.38482666015625
2024-06-24,WEGE3.SA,38.188602447509766
2024-06-25,WEGE3.SA,38.84267807006836
2024-06-26,WEGE3.SA,39.1977424621582
2024-06-27,WEGE3.SA,38.964149475097656
2024-06-28,WEGE3.SA,39.422000885009766
2024-07-01,WEGE3.SA,39.274864196777344
2024-07-02,WEGE3.SA,39.33100509643555
2024-07-03,WEGE3.SA,39.40587615966797
2024-07-04,WEGE3.SA,39.20000076293945
2024-07-05,WEGE3.SA,39.480735778808594
2024-07-08,WEGE3.SA,41.61432647705078
2024-07-09,WEGE3.SA,41.68918228149414
2024-07-10,WEGE3.SA,41.22128677368164
2024-07-11,WEGE3.SA,42.07286071777344
2024-07-12,WEGE3.SA,42.933780670166016
2024-07-15,WEGE3.SA,43.5233154296875
2024-07-16,WEGE3.SA,43.682403564453125
2024-07-17,WEGE3.SA,44.02864456176758
2024-07-18,WEGE3.SA,44.356163024902344
2024-07-19,WEGE3.SA,44.25322723388672
2024-07-22,WEGE3.SA,44.140933990478516
2024-07-23,WEGE3.SA,44.02864456176758
2024-07-24,WEGE3.SA,43.65433883666992
2024-07-25,WEGE3.SA,42.99928283691406
2024-07-26,WEGE3.SA,43.90699005126953
2024-07-29,WEGE3.SA,43.4952507019043
2024-07-30,WEGE3.SA,42.915061950683594
2024-07-31,WEGE3.SA,47.406822204589844
2024-08-01,WEGE3.SA,49.446834564208984
2024-08-02,WEGE3.SA,46.620765686035156
2024-08-05,WEGE3.SA,45.89518737792969
2024-08-06,WEGE3.SA,45.99850845336914
2024-08-07,WEGE3.SA,45.38795852661133
2024-08-08,WEGE3.SA,46.67481994628906
2024-08-09,WEGE3.SA,46.6842155456543
2024-08-12,WEGE3.SA,47.51082229614258
2024-08-13,WEGE3.SA,48.02745056152344
2024-08-14,WEGE3.SA,48.412567138671875
2024-08-15,WEGE3.SA,49.502174377441406
2024-08-16,WEGE3.SA,50.018802642822266
2024-08-19,WEGE3.SA,48.64739990234375
2024-08-20,WEGE3.SA,49.88730239868164
2024-08-21,WEGE3.SA,50.18788146972656
2024-08-22,WEGE3.SA,50.91115951538086
2024-08-23,WEGE3.SA,50.54482650756836
2024-08-26,WEGE3.SA,50.79844284057617
2024-08-27,WEGE3.SA,50.723297119140625
2024-08-28,WEGE3.SA,50.723297119140625
2024-08-29,WEGE3.SA,50.29120635986328
2024-08-30,WEGE3.SA,50.864192962646484
2024-09-02,WEGE3.SA,49.17341232299805
2024-09-03,WEGE3.SA,49.59611892700195
2024-09-04,WEGE3.SA,50.150306701660156
2024-09-05,WEGE3.SA,50.71390151977539
2024-09-06,WEGE3.SA,49.6712646484375
2024-09-09,WEGE3.SA,49.2673454284668
2024-09-10,WEGE3.SA,49.6806526184082
2024-09-11,WEGE3.SA,50.25363540649414
2024-09-12,WEGE3.SA,50.075164794921875
2024-09-13,WEGE3.SA,50.36634826660156
2024-09-16,WEGE3.SA,49.783973693847656
2024-09-17,WEGE3.SA,50.08456039428711
2024-09-18,WEGE3.SA,50.34756851196289
2024-09-19,WEGE3.SA,50.028194427490234
2024-09-20,WEGE3.SA,49.33309555053711
2024-09-23,WEGE3.SA,51.02388000488281
2024-09-24,WEGE3.SA,52.02895736694336
2024-09-25,WEGE3.SA,52.301353454589844
2024-09-26,WEGE3.SA,52.648902893066406
2024-09-27,WEGE3.SA,52.63011932373047
2024-09-30,WEGE3.SA,51.15359115600586
2024-10-01,WEGE3.SA,52.55493927001953
2024-10-02,WEGE3.SA,52.05646514892578
2024-10-03,WEGE3.SA,51.35109329223633
2024-10-04,WEGE3.SA,51.25705337524414
2024-10-07,WEGE3.SA,50.222503662109375
2024-10-08,WEGE3.SA,51.07835388183594
2024-10-09,WEGE3.SA,50.78680419921875
2024-10-10,WEGE3.SA,50.956092834472656
2024-10-11,WEGE3.SA,50.946685791015625
2024-10-14,WEGE3.SA,51.764915466308594
2024-10-15,WEGE3.SA,53.166259765625
2024-10-16,WEGE3.SA,53.7869873046875
2024-10-17,WEGE3.SA,52.87470626831055
2024-10-18,WEGE3.SA,51.934207916259766
2024-10-21,WEGE3.SA,51.764915466308594
2024-10-22,WEGE3.SA,52.62076950073242
2024-10-23,WEGE3.SA,52.85589599609375
2024-10-24,WEGE3.SA,52.92171859741211
2024-10-25,WEGE3.SA,52.169334411621094
2024-10-28,WEGE3.SA,52.91231918334961
2024-10-29,WEGE3.SA,53.55186462402344
2024-10-30,WEGE3.SA,50.78680419921875
2024-10-31,WEGE3.SA,50.890254974365234
2024-11-01,WEGE3.SA,51.44514465332031
2024-11-04,WEGE3.SA,52.84648513793945
2024-11-05,WEGE3.SA,52.677188873291016
2024-11-06,WEGE3.SA,52.75243377685547
2024-11-07,WEGE3.SA,52.45147705078125
2024-11-08,WEGE3.SA,51.811946868896484
2024-11-11,WEGE3.SA,52.188140869140625
2024-11-12,WEGE3.SA,52.1223030090332
2024-11-13,WEGE3.SA,51.44514465332031
2024-11-14,WEGE3.SA,51.1159782409668
2024-11-18,WEGE3.SA,50.78680419921875
2024-11-19,WEGE3.SA,50.90906524658203
2024-11-21,WEGE3.SA,50.53286361694336
2024-11-22,WEGE3.SA,50.79621124267578
2024-11-25,WEGE3.SA,49.0468864440918
2024-11-26,WEGE3.SA,49.6393928527832
2024-11-27,WEGE3.SA,49.00925827026367
2024-11-28,WEGE3.SA,49.761661529541016
2024-11-29,WEGE3.SA,50.73036575317383
2024-12-02,WEGE3.SA,50.645721435546875
2024-12-03,WEGE3.SA,51.35109329223633
2024-12-04,WEGE3.SA,51.727298736572266
2024-12-05,WEGE3.SA,51.66146469116211
2024-12-06,WEGE3.SA,52.291595458984375
2024-12-09,WEGE3.SA,52.43267059326172
2024-12-10,WEGE3.SA,53.49542236328125
2024-12-11,WEGE3.SA,55.066062927246094
2024-12-12,WEGE3.SA,54.36068344116211
2024-12-13,WEGE3.SA,54.22901916503906
2024-12-16,WEGE3.SA,53.71174240112305
2024-12-17,WEGE3.SA,54.454734802246094
2024-12-18,WEGE3.SA,53.655311584472656
2024-12-19,WEGE3.SA,53.10041427612305
2024-12-20,WEGE3.SA,52.23516082763672
2024-12-23,WEGE3.SA,51.08589172363281
2024-12-26,WEGE3.SA,51.481468200683594
2024-12-27,WEGE3.SA,50.55845260620117
2024-12-30,WEGE3.SA,49.70137405395508
